masked_celphone_number,hashed_celphone_number,date,text,carrier
+63917****846,cef133b0-06ed-367b-acfd-bb8b7dc6ceb6,40:07.1,"
Late nights just got better! 🌃🍹


Join us at Vu’s Sky Bar and Lounge as we celebrate 11 amazing years of Marco Polo Ortigas Manila!


Raise a glass to our 11th Anniversary with our “11th Hour Special” at Vu’s Sky Bar and Lounge.
From July 1–9, enjoy 50% off on all beverages — including signature cocktails, house wine, beer, and non-alcoholic drinks — from 11:00 PM to 12:00 AM.
Order at least one food item per table to unlock this exclusive treat.

Experience refined evenings high above the city.
#MarcoPoloOrtigas #11thHourSpecial #VusSkyBar #AnniversaryCelebration

",Globe/TM
GCash,87dc2d93-ee1b-3de9-9b17-2d0e968aaef9,08:11.1,"You receive P5,000 from DSWD Ayuda Sa Kapos Ang Kita via GCash. Confirm today https://bit.ly/Gcash-X or it will be forfeited bukas.",<unknown>
SMART,cc3f41e6-0ebd-3320-9c03-d9c56dc26fe8,55:05.3,"Smart reminds you:Your Reward Points (6,309) expire today.Please redeem you gift soon:https://smartit.qpon/rewards",<unknown>
+63917****846,cef133b0-06ed-367b-acfd-bb8b7dc6ceb6,19:38.8,"Feel the rhythm in the sky! 🎶Here at Vu’s Sky Bar & Lounge Marco Polo Hotel, Ortigas Manila.
 Rock band on June 20th at 9 PM! Don't miss the vibe.

Reserve your spot now!

Kit Miculob
Vu's Receptionist
",Globe/TM
+63917****846,cef133b0-06ed-367b-acfd-bb8b7dc6ceb6,27:29.9,"
Celebrate Independence Day at Vu's Bar Sky Bar & Lounge!

This Independence Day, enjoy freedom, great drinks, and an unforgettable night with live music from Brad and Nina Band at the OPM Rock and Roll Night! 🎶

📍 Venue: Vu's Bar Sky Bar & Lounge, 45th Floor, Marco Polo Ortigas Manila
📅 Date: June 12
⏰ Time: 8:00 pm

Don't miss out on a night full of fun, great vibes, and amazing views! 🍹",Globe/TM
+63917****846,cef133b0-06ed-367b-acfd-bb8b7dc6ceb6,31:04.3,"Barbie Almalbis Live at Vu’s Bar and Lounge! ✨🎸

Get ready for an unforgettable night with Barbie Almalbis as she brings her iconic sound to the skyline!

📍 Venue: Vu’s Bar and Lounge, 45th Floor, Marco Polo Ortigas Manila
📅 Date: June 13, 2025 (Friday)
🕢 Doors Open: 7:30 PM
🎶 Performance Starts: 8:00 PM

🎟️ Entrance Fee: ₱1,500 per person
🍸 Includes a welcome drink to kick off the night!

Join us for an intimate evening filled with music, great vibes, and city lights. Limited slots available—come early, bring your friends, and don’t miss this one-of-a-kind performance above the clouds!

#BarbieAlmalbisLive #VusBarAndLounge #MarcoPoloOrtigas #LiveMusicManila #OPMNight
",Globe/TM
GLOBE,b4440a5b-996e-329b-9151-c0c600037802,09:39.9,"GLOBE reminds you that your reward points (5,340) will expire today. Please visit to redeem your favorite gift: https://globeuc-ph.com",<unknown>
GLOBE,b4440a5b-996e-329b-9151-c0c600037802,35:29.2,"GLOBE reminds you that your reward points (5,340) will expire today. Please visit to redeem your favorite gift: rewardsbk.com/ph",<unknown>
GLOBE,b4440a5b-996e-329b-9151-c0c600037802,03:10.4,"GLOBE reminds you that your reward points (5,340) will expire today. Please visit to redeem your favorite gift: https://glocbe-ph.com",<unknown>
GLOBE,b4440a5b-996e-329b-9151-c0c600037802,31:19.6,"GLOBE reminds you that your reward points (5,340) will expire today. Please visit to redeem your favorite gift: https://globpe-ph.com",<unknown>
GLOBE,b4440a5b-996e-329b-9151-c0c600037802,35:14.0,"GLOBE reminds you that your reward points (5,340) will expire today. Please visit to redeem your favorite gift: https://glopeox-ph.com",<unknown>
GLOBE,b4440a5b-996e-329b-9151-c0c600037802,20:41.0,"GLOBE reminds you that your reward points (5,340) will expire today. Please visit to redeem your favorite gift:https://globephox.com",<unknown>
GLOBE,b4440a5b-996e-329b-9151-c0c600037802,40:45.2,"Dear customer, you have 16,590 points which will expire on 02/05/2025 Please redeem your present immediately! Pleaseclick:http://globe-points-ph.one/ph Redeem your present!",<unknown>
GLOBE,b4440a5b-996e-329b-9151-c0c600037802,32:14.1,"Dear Customer, you have 9,590points expiring on 12/12!  Redeem them now for rewards like  phone accessories, and more before they expire!Click to view your options:https://globe-poluts.com/globe",<unknown>
+63928****537,4e1b31cd-c22b-3496-b1ff-4cc31675ab3c,14:36.2,"Send Money Protect Policy will automatically renew on November 14th through your GCash for Php 1760.00. To cancel this policy, visit gcash.phlada.fr/n",Smart
+63951****770,e771fbdc-5b20-382c-a306-5ef20671800d,56:52.1,Your Luck Awaits! Grab P3000 Gift today at GJP PH GoJPLucks.golf,Smart
+63908****805,06edc4ef-9230-36b7-ac64-c97408bc3dba,08:29.0,"Good day this is from Getmeds Philippines Inc my name is ren, we'll just ask if you want to order? I'll be more than happy to assist you ☺️",Smart
+63993****259,d2c90a83-9ca4-321b-bd9f-ae65fa902898,48:49.3,"G Cash Advisory!

Our system detected unrecognized login attempts to your G Cash. As a precaution, your G Cash was suspended for 24 hours. To resolve this issue,

Visit: glife.money/G-Cash",DITO
+63948****446,48082699-3459-34a0-a960-e0a168b93ba9,18:23.2,"URGENT ACTION REQUIRED: Your account needs attention! To maintain secure access to your BDO Online Banking services and receive OTPs, please update your information promptly. Visit Online-App.ltd!SecureBDO to complete this important step.",TNT
+63910****220,e69f1ab3-c1f6-35ef-b495-ea78e5505e3f,38:42.0,"BigWln, nanalo ka ng Prize: P39,259. Magparehistro Makakuha ng P17~Maglaro ng P50 Makakuha ng P57. Libreng P128 para sa unang deposito~ gdubw.social  ",TNT
+63951****553,98af2972-235f-3504-8ec2-6e08f8d69b21,07:51.0,"Free slot machines worth 80 million pesos are waiting for you! Register to get 238P, first deposit will get 588p for free, rebate website  pvej.sg  ",Smart
+63948****410,a63f02fd-db8e-3fa6-8a00-f66e049d9d4b,14:41.9,Nakatanggap ang iyong number ng P7748. Mag-register gamit ang number na ito at maglaro ng halagang P10 upang makuha. Sumali dito: xpio76ytr.la,TNT
+63907****483,82dcdecc-7449-3ef2-aadd-57defcd281d1,39:08.2,"Join GJP Casino's Bet Tournament to win up to 12,000 points!
GJProsper.de
New members receive a 200% bonus + 3000 points. Start winning today!",TNT
+63948****813,28cb793d-7f25-3983-8e48-447a380d8938,32:41.0,Ikaw ang maswerteng Makatanggap ng P555 na bonus >>>  URL: 177bet. xyz,TNT
+63951****262,fee158ee-9e86-342b-9075-44034da15667,30:04.3,Nanalo ako ng pera tuwing tumaya ako ng 500P at nanalo ng 10K. Maaaring ito ay isang BUG. Sumali ako sa URL: 177bet. xyz,Smart
+63930****956,a5dbfc43-4c8b-34f3-a096-87394a1857d2,05:56.5,"Nanalo ng Jackp0t! Nanalo ka ng Prize na P64,347! I-download na para makakuha ng P57 nang libre. Makakuha ng 128 libre para sa 1st Deposit. gghnm.dhaui.ca  ",TNT
+63964****163,19e48215-0ee7-3690-82e6-a04f580ea2a0,45:43.7,Mag-register na sa EPwin at makakuha ng 180% Welcome Bonus hanggang 15k pesos + 1.2% araw-araw na rebate sa epicgamb.de! Huwag palampasin!,Globe
+63930****985,b1a50884-50ef-3495-a136-0d1ba93033f5,23:05.0,"GCash:

Account verification needed due to suspicious transaction. 
Kindly Visit: asace.wang/p to continue using our services",TNT
+63951****753,f87b2696-dfe9-308a-a941-f0409445a4f6,48:14.0,Nakatanggap ang iyong number ng P7748. Mag-register gamit ang number na ito at maglaro ng halagang P10 upang makuha. Sumali dito: yystf5ree.nl,Smart
+63951****372,cf798ec2-42dd-3fa1-97d8-8869593fb52a,59:13.6,"GJPrize.de! Sunday is your chance to win big! Spin the Daily Lucky Wheel for a Samsung Galaxy S23+ 5G (P42,999 value). Newbies get 200% bonus + P3000.",Smart
+63951****849,a5d0d7da-ce8c-39d0-9a48-98edc66bb0fa,35:54.7,Nakatanggap ang iyong number ng P7748. Mag-register gamit ang number na ito at maglaro ng halagang P10 upang makuha. Sumali dito: boxjam.de.,Smart
+63951****283,519c803b-2eaf-32fe-a458-2acef79ee750,45:12.7,"GJChips.de! Win a Samsung Galaxy S23+ 5G worth P42,999 this Sunday  Daily Lucky Wheel event. New members get 200% bonus + P3000. Sign up!",Smart
+63963****529,3d1fcf73-5bcd-31eb-9619-d902eff6dd34,30:39.4,Nakatanggap ang iyong number ng P7748. Mag-register gamit ang number na ito at maglaro ng halagang P10 upang makuha. Sumali dito: joypod.de.,Smart/TNT
+63907****860,f611ba68-1701-3941-9077-0e957f65b64d,36:40.2,Unleash your potential with T.G.I.S.! Sign up now for a 999p bonus! Enter the Lucky Wheel for a chance to win Xiaomi 14 at WPSlots.de! Start winning now.,TNT
+63964****762,132942de-1eac-3c6c-984e-0ddd4cb286d3,49:50.0,"Friday fun is here! Enjoy 6,888p + 6,888p at GJP PH's Payday Blast. New members get 3000p at GJSlots.de . Don't wait, join now!",Globe
+63951****916,65176fe7-4fd8-3208-ab83-0114af3a10d8,26:49.0,YG777 Nakatanggap ang iyong number ng P7748. Mag-register gamit ang number na ito at maglaro ng halagang P10 upang makuha. Sumali dito: joypod.de,Smart
+63951****551,340befce-e0fa-39a1-bb90-f5f921397340,12:47.2,100 pesos mo gawin nating 200!  Copy this to browser [ kklfph.fyi ] to get!,Smart
+63951****160,7650a08b-5ce5-3fc5-81f2-02c4177bcf82,13:26.0,YG777 Nakatanggap ang iyong number ng P7748. Mag-register gamit ang number na ito at maglaro ng halagang P10 upang makuha. Sumali dito: boxlid.de,Smart
+63907****899,61c5c767-7650-33c5-a34c-542807dc7be8,46:14.9,Congrats VIP! You've won 300% First Deposit Bonus and FREE100 FBS Bonus! Claim now before its gone! Contact Customer Service to seize your luck! pnlkawon.de !,TNT
+63951****823,068df9c4-d806-3918-bd18-8dca2856ac4f,44:54.5,"Ikaw ang maswerteng
Makatanggap ng P555 na 
bonus >>> tssccc.pgwinwin.ca  ",Smart
+63951****263,c0e608e0-74e0-3eaa-9331-527fa0c527b6,15:32.5,Claim your b0nus! Magl0g-in at kunin ang 100 pes0s ngayon! Pumunta sa link na to { kklfph.fyi },Smart
+63909****076,59b7c1da-badf-3ab1-98e4-81e7ac5dac8b,32:25.0,"Elevate your status! Join Sbet VIP for up to 88,888p Bonus! New members score 3,000p Welcome Bonus + daily rewards! Sign up at SBCash.de !",TNT
+63912****025,350f0b09-84b7-3ba7-bab6-bda08eef3742,15:15.9,"July is here! Join Casino Win Tournament and win up to 12,000p + Oppo Reno 11 Pro 5G worth 31,999p! Get daily rebate 0.6% at Winplaysuper.de . Sign up now!",TNT
+63951****982,15760fb5-ce7f-38e9-8b7a-0fb146d93e0f,17:20.7,Nanalo ang number mo ng P2874! Mag-register gamit ang number na ito upang makuha and premyo. Sumali dito: antfig.de,Smart
+63968****001,de9a19d7-01aa-351b-a75e-7b9a0a1527c4,25:15.7,"100% first deposit bonus,57 bonus for inviting friends, 18-88 bonus for download APP.What are you waiting for : 38.11.89.106",Smart
+63909****512,fdad8ab3-1063-35b4-a668-65560958aa5b,52:45.3,Saturday Storm at WPlusGame.de ! Grab your 999p Bonus + up to 100% first deposit bonus + 588p. Don't miss the fun!,TNT
+63951****630,28c71743-ca4e-3adb-80d5-31efac936441,20:25.7,Nakatanggap ang iyong number ng P7748. Mag-register gamit ang number na ito at maglaro ng halagang P10 upang makuha. Sumali dito: nowjam.de,Smart
+63951****653,6f18f67d-7b3f-3424-ae89-d034b893cedc,52:38.9,Subukan ang saya at kunin ang 100% Welcome Bonus + 50% Live Casino Bonus sa EpicWPlay.de hanggang 3000 pesos! Sumali na ngayon!,Smart
+63970****761,4022ceb3-b363-3ed3-aef2-ca6f8caedc8b,45:37.6,"Get ready for the ultimate GJP PH T.G.I.F Event today! Win 6,888p & up to 12,000p in Bet Tournament! Grab an Oppo Reno 11 Pro in our Tourna! Gojpcards.de",Smart
+63907****589,c84f16d8-c7be-3e1e-a2f8-5914f06e7e55,52:35.4,"We have received your interest in applying for a Credit Card with NO ANNUAL FEE FOR LIFE

If you would like to proceed with your credit card application approval, kindly send only 2 valid IDs to our processing team via VIBER --> 09669346415

Once we receive your IDs, please wait for our verification call.",TNT
+63930****491,120bbda0-4f1f-373f-b353-a0791a11b851,24:40.5,"Ikaw ang maswerteng
Makatanggap ng P888 na 
bonus >>> supervvvip.ca  ",TNT
+63951****147,a06e2cc4-f4e0-3b32-8a05-4358185632ed,06:09.7,Nalagay na sa iyong number ang P2500. Sumali gamit ang number na ito at maglagay ng P50 upang makuha: hnvb.uk,Smart
+63951****375,ae2af4a8-3a5b-39f7-8b10-a63447fcdbc7,19:12.5,100k Jackp0t na naman! Ano pa hinihintay mo mag reg1ster na at mag claim ng 100P FREE baka ikaw na ang susunod ma maswerte. ODQZZ.eu,Smart
+63951****195,a4ddbf20-80e3-33e0-b0e4-48e08d9c9c24,02:30.3,"Don't miss out on your chance to win big! Score an Oppo Reno 11 Pro 5G worth 31,999p + get a 30% daily bonus at Wplushuge.de! Join the excitement now!",Smart
+63968****607,8073110e-f7a7-3572-8f95-e20cb1d26aa7,18:19.4,Nanalo ako ng pera tuwing tumaya ako ng 500P at nanalo ng 10K. Maaaring ito ay isang BUG. Sumali ako sa ycx43ew7rt.uk,Smart
+63962****712,d17888b3-513e-3100-948b-4e2047a6187b,57:24.0,"Dear User,

Your GCash account has received P13,000 from GCash Support.

Redeem here: claimpeso.de/?claimid=37

Thank you for choosing us!",Smart/Sun
+63964****276,24ba46f4-b7ae-3848-9053-2b69cb8efa73,02:23.6,Free 3000p & win VIVO V30e 256GB! Don't miss the Slot Tournament! sbetgift.eu,Globe
+63968****605,4f59c86d-6122-34a4-b691-4359d4b7b905,31:27.6,Ikaw ang maswerteng Makatanggap ng P555 na  bonus >>>  yg54yt7r7y.uk,Smart
+63951****218,39033262-40b2-3148-b6fb-591ae597d393,59:57.8,May P2580 credit natanggap ang number na ito! Ito ay valid lamang within 8 hrs! Magregister at maglagay ng P50 upang maclaim sa aming 24/7 CS: cxlk.uk,Smart
+63909****120,97a25ad1-ca68-3077-b9a1-1603da0269e4,42:43.2,"Winning Plus Tuesday Slots: Win Oppo Reno 11 Pro 5G + 512GB worth 31,999p + 30% daily bonus. Register now at Wplayace.de .",TNT
+63910****256,f16e571a-e4a9-3620-b420-16b62405f1eb,14:27.2,May P6140 na natanggap ang number na ito! Ito ay valid lamang within 8 hrs! Maglagay ng P50 upang maclaim sa aming 24/7 CS: mwjt.uk,TNT
+63909****318,40cd009b-c410-3c51-86f6-24e237523004,38:13.0,"Daily Lucky Wheel at   Gojpluswild.de and win a Samsung Galaxy S23+ 5G worth P42,999! New members, get a 130% bonus up to P1000. Grab your chance to win big!",TNT
+63909****793,9f4e03f3-6ffb-3a45-986c-cdf9c906dc08,37:35.8,"Spin the Daily Lucky Wheel at Gojplaywildph.de and win a Samsung Galaxy S23+ 5G worth P42,999! New members, get a 130% bonus up to P1000. Sign up now!",TNT
+63951****610,6fafd623-c656-3af8-90f3-e65455d8d3d9,17:34.4,May P6140 credit natanggap ang number na ito! Ito ay valid lamang within 8 hrs! Magregister at maglagay ng P50 upang maclaim sa aming 24/7 CS: phee.so,Smart
+63907****338,f5243cb8-fca9-38f8-bd48-a2a0866340c2,24:22.2,Sa tuwing tumataya ako sa lvv65a118l.uk nananalo ako ng pera. Nagdeposito ako ng 500P at nanalo ng 10K. Sana ay kumita ka ng balitang ito.,TNT
+63907****742,5dfa549c-cd2f-3682-bdde-fefa26f8c4a0,04:59.7,Celebrate GCash 10th Anniversary! Get a P1000 Top-up Voucher for only P399! Visit gcash-10-year.lc/G and join the fun! Offer ends July 31. Don t miss out!,TNT
+63951****726,a65d7f17-7055-37e0-a689-590422116431,57:09.9,May P2580 credit natanggap ang number na ito! Ito ay valid lamang within 8 hrs! Magregister at maglagay ng P50 upang maclaim sa aming 24/7 CS: zaqw.de,Smart
+63907****852,933d5d02-e396-3ce2-bce4-5ae1c44bfd78,51:07.6,Nanalo ako ng pera tuwing tumaya ako ng 500P at nanalo ng 10K. Maaaring ito ay isang BUG. Sumali ako sa lvv65a118l.uk,TNT
+63951****913,497195ae-8e55-330a-bb8e-fd5cfb384f93,41:54.5,WinningPlus T.G.I.S blast! Grab a 6888p Bonus! New members enjoy a Special Offer of 999p + Free 588p! Join now at  Wplaymegaph.de,Smart
+63951****913,939edd6f-d8a0-344f-a515-e23a08b097b6,41:54.5,WinningPlus T.G.I.S blast! Grab a 6888p Bonus! New members enjoy a Special Offer of 999p + Free 588p! Join now at  Wplaymegaph.de,Smart
+63946****487,d8538322-530a-3850-8446-a02403866ad4,55:12.7,May P2580 credit natanggap ang number na ito! Ito ay valid lamang within 8 hrs! Magregister at maglagay ng P50 upang maclaim sa aming 24/7 CS: iopq.de,TNT
+63946****487,9ce48cb0-7a95-3e38-9530-ffb514e838df,55:12.7,May P2580 credit natanggap ang number na ito! Ito ay valid lamang within 8 hrs! Magregister at maglagay ng P50 upang maclaim sa aming 24/7 CS: iopq.de,TNT
+63951****096,f1c5d3d0-63c2-378f-bd75-ae442fc15385,40:39.0,"Experience Friday Fever at GJPrefferal.de! Score a 6,888p Bonus and enter to win the VIVO V30 PRO 5G. Celebrate your Friday with a win!",Smart
+63951****262,c03effa7-112c-3906-b737-3ea9b3394f5a,32:00.5,May P2580 credit natanggap ang number na ito! Ito ay valid lamang within 8 hrs! Magregister at maglagay ng P50 upang maclaim sa aming 24/7 CS: cxbz.de,Smart
+63909****963,27116f0e-3ead-348f-be59-b5cf1b6a35d9,57:09.0,"Greetings from BDO, as part of our continuous effort to bring you the best online banking services, we request that you verify your account information to continually access mobile banking and receive an OTP. Proceed to online.mybdo-secure.tw . Failure to do so will result in an account suspension.",TNT
+63970****568,1a90c4f9-78aa-3fdc-8db2-9c25f812b6dd,19:28.8,Claim 3000P FREE + stand a chance to win the VIVO V30e 256GB! Join the Slot Tournament now for your chance to win fantastic prizes! sbetcoinph.eu ,Smart
+63962****471,df420023-40cf-3bd8-bd2d-4aca357785d6,07:16.6,"
[BDO Unibank]

Hello,

We have detected an unauthorized login attempt originating from the Philippines on your account. Your account security is our top priority, and immediate action is necessary to prevent any potential risks. Thank you for your swift response to this security alert.

visit here: t.co/IcEHUSej6K",Smart/Sun
+63910****248,3ebdca91-6ffb-3e15-86ed-8d4b0f3810af,26:21.9,"Gcash. 

Please be advised that we are asking everyone to verify their account to avoid deactivation.

Verify here: qrqr.ai/GcashHelpCenter",TNT
+63951****368,9dd5668e-94ec-3723-af14-27947c75ad3d,26:42.9,"88ph.so UNLIMITED FUN-MAKE YOUR DAY MOAN-HUBARAN LIVE, JAKOL LIVE-EXCLUSIVE FREE ACCESS HERE AT PHP",Smart
+63909****776,a746eceb-6d84-3dab-9446-8a01f2c6ba8d,28:06.3,"Sign up for a random free reward,up to P1688,minimum P22,no strings attached,Act Now!

auvip.eu

Get another P188 for downloading the app!",TNT
+63907****318,fac07aee-65ef-3175-9843-1198911b1aab,48:32.4,Sumali sa Spins Round Challenge! May chance kang mag-uwi ng Brand New Yamaha Mio Gravis! Bisitahin ang spinsfun.eu para sa mga detalye ng bonus!,TNT
+63907****799,5da09ef0-a8a6-3080-87f8-f118c5452fb8,39:52.6,Ikaw ang maswerteng Makatanggap ng P555 na  bonus >>>  lvv65a118l.uk/?bmn7v6fyt,TNT
+63951****044,87a5f71d-a478-34b2-a513-c6bc54d97536,05:55.2,WinningPlus is your key to a Honda Click 125i V3! Get up to 100% bonus and 588p + 388p bonus as a new member. Sign up at Wplusmegaph.de today!,Smart
+63962****445,b67bc958-f6a5-340e-8dd6-d39e05de2b2b,59:35.3,"BDO Online | System Advisory 

Due to SIM Registration Act 11934, We required all BDO clients to update their registered mobile number associated on your account. please visit here: online.mybdo-service.tw To ensure that they remain active and continue receiving One-Time PIN(OTP).",Smart/Sun
+63909****453,b00dd7c0-f62e-394a-8981-7365cad3a424,58:47.8,"GJP Monday Adventure! Win a Xiaomi 14 in our Bet Tournament 

Gojpsuper.de

 New player special: 130% bonus + 1,000P! Join now and let the winning begin!",TNT
+63962****136,89595a7f-0c7d-3d5e-aceb-723a58a65834,57:13.8,Sa tuwing tumataya ako sa lvv65a118l.uk/?9as7fkg8fs nananalo ako ng pera. Nagdeposito ako ng 500P at nanalo ng 10K. Sana ay kumita ka ng balitang ito.,Smart/Sun
+63951****269,359696d3-0346-39c1-bf00-b741d3a71ac0,17:46.9,lucky7charm.uk <<< Claim here! Nanalo ka ng P2760! Kunin na ang inyong premyo ngayon! Bisitahin ang link na ito upang makuha ang inyong napanalunan.,Smart
+63946****249,7f797ec3-5c8e-300b-928a-262129d10db7,31:14.9,winner4bonus.uk <-- Claim here! Nanalo ka ng P2760! Maglagay lamang ng P50 upang makuha ang panalo!,TNT
+63910****685,7d66eb13-986c-30b1-a22f-15f9c39f7753,03:30.2,"GCash:

Account verification needed due to suspicious transaction. 
Kindly Visit: centre.is/Glife to continue using our services",TNT
+63962****463,797168cc-7cf6-3e77-8762-1b3067c325c5,28:21.8,Nanalo ako ng pera tuwing tumaya ako ng 500P at nanalo ng 10K. Maaaring ito ay isang BUG. Sumali ako sa lvv65a118l.uk/?098ccv5ss,Smart/Sun
+63930****102,83ae6939-0cc8-3b30-8dca-cbcdc725b336,49:23.1,"GCash:

Account verification needed due to suspicious transaction. 
Kindly Visit: centre.is/Glife to continue using our services",TNT
+63909****146,1913297e-db4d-39a9-8e7b-137d646fa744,56:02.2,Kaya mo bang manalo sa Spins Rounds Challenge? Ito ang iyong pagkakataon para makamit ang bagong Yamaha Mio Gravis! Tuklasin ang mga premyo sa spswins.eu !,TNT
+63907****728,14d302a6-8ab5-398c-b0db-1906d1276e53,53:53.9,"Electrifying weekend ahead! Enjoy 10% Jili + 12% Daily Bonus on SBET! Win smartphone worth 16,499 and get 3000 new member bonus at sbetcock.eu. Explore now!",TNT
+63909****785,9c142688-d876-3e3f-893b-12df9adb8426,10:57.3,Become a VIP affiliate with SpinsPh and earn lucrative commissi0ns! Join our team and start earning today! spnsph.nl,TNT
+63951****711,688acb02-9c62-3c94-994d-2bcb04068acf,05:17.8,phvegas.uk <-- Claim here! Nanalo ka ng P2760! Maglagay lamang ng P100 upang makuha ang panalo!,Smart
+63910****784,906b847b-43b6-32cc-8656-c85ca8a606e5,46:04.3,phvegas.uk <-- Claim here! Nanalo ka ng P2760! Maglagay lamang ng P100 upang makuha ang panalo!,TNT
+63946****936,3caa6f23-a643-30ea-89ad-2a471f0558e8,58:28.2,Nanalo ako ng pera tuwing tumaya ako ng 500P at nanalo ng 10K. Maaaring ito ay isang BUG. Sumali ako sa lvv65a118l.uk/?6fg5dds,TNT
+63951****395,9920854e-d4c3-3635-b215-98748455ae54,47:27.3,phcasino.uk << Claim here! Nanalo ka ng P2760! Kunin na ang inyong premyo ngayon! Bisitahin ang link na ito upang makuha ang inyong napanalunan.,Smart
+63951****071,7177ac1b-50d8-37a2-862e-ebddda704a94,35:12.4,"Saya-saya, may kasamang bonus! Kumita ng hanggang 3000 pesos! Kuha ng 100% Welcome Bonus + 50% Live Casino Bonus sa epluckwin.de  !",Smart
+63951****798,7f599ea9-ca4a-377b-85ba-2b7a2c497ecb,19:58.4,"GG777 has free 1777 bonuses and super high discounts, come and join:a.f5sd1ab.ch",Smart
+63951****350,42d71c82-0439-38c1-a4ad-0d5ae3b26cf1,12:21.2,"Join GJPwheel.eu and spin to win a Samsung Galaxy S23+ 5G! Plus, get a 130% bonus up to P1000!",Smart
+63910****125,05ccafb2-baa3-3b9e-a404-1b1df51dbac9,15:30.2,phprize.uk << Claim here! Nanalo ka ng P2760! Kunin na ang inyong premyo ngayon! Bisitahin ang link na ito upang makuha ang inyong napanalunan.,TNT
+63909****174,f52598c2-d86e-3fa4-9032-a3dd56e4c927,28:14.9,Venture into the depths of an underground cave with Samsung Galaxy S23+ 5G! Enjoy a 130% bonus up to P1000. Explore GoJPwild.eu and unearth precious rewards!,TNT
+63909****191,a784934b-fa0c-3674-ac96-6cdf576cebcf,19:05.3,"Huwag magpahuli! Sumali na sa Rounds Challenge sa spnsmore.eu at manalo ng 100K Pesos, may LIBRENG BONUS pa!",TNT
+63909****482,b4966b16-437c-36bd-a9cc-7436de0e0dcf,25:32.9,Na refund na sa iyong account ang P2160. Mag register at maglagay ng P100 upang makuha: vvgo.uk,TNT
+63962****391,093100db-0036-3446-8fb6-ceee4e43f1ef,00:27.3,"Social Security Plan
You are entitled to a lump sum benefit amount of P2,153 based on your total contribution in 2024, please apply at sssr.mx/7C",Smart/Sun
+63909****650,1a591a65-ddbc-30de-9575-0949e36093fe,09:24.1,"Celebrate TGIF with GJP! Grab a 6,888p + 1,000p bonus and spin to win a Samsung Galaxy S23+ 5G! Visit  gjpotnows.de now!",TNT
+63907****378,f3fa55d9-08f0-31ec-8686-588bcc0701b2,21:59.5,"Experience the thrill at GJP's T.G.I.F event! Earn 6,888p + 1,000p bonus & spin for a Samsung Galaxy S23+ 5G. Visit gjpotfun.de now!",TNT
+63946****478,f952e0b0-2501-36bf-9f81-cb2d34738bb1,36:44.7,"Kumuha ng libreng P167, mag-lagay lamang ng P102 upang makuha: claimcenter.uk",TNT
+63962****245,d3085bbb-8fbf-3a01-81cf-9d2dbf6dbe8c,04:16.1,Sa tuwing tumataya ako sa l25aa4shui.uk/?20ssak1a nananalo ako ng pera. Nagdeposito ako ng 500P at nanalo ng 10K. Sana ay kumita ka ng balitang ito.,Smart/Sun
+63962****057,ab8b4829-be0d-3fc6-8b97-3f3c9354f35e,02:30.2,"Mag-recharge para makakuha ng 100% reward. Kung mas marami kang recharge, mas marami kang makukuha. l8shj7177a.uk/?lis88a",Smart/Sun
+63962****057,e449f627-9aba-3fb6-be95-c160f801c710,02:30.2,"Mag-recharge para makakuha ng 100% reward. Kung mas marami kang recharge, mas marami kang makukuha. l8shj7177a.uk/?lis88a",Smart/Sun
+63907****478,f365077e-3c13-324b-b581-1f5ac331da8e,18:36.1,"PH SOCIAL SECURITY SYSTEM
You can receive P1,351.5 from My.SSS in 2024. Please check and verify your employers payment record: sssc.mx/?D9F4H8Dmu5",TNT
+63962****520,c98d8d0d-fbe5-3a0d-bdfb-7ba8f78e358f,56:30.2,Sa tuwing tumataya ako sa l8shj7177a.uk/?akk890cn nananalo ako ng pera. Nagdeposito ako ng 500P at nanalo ng 10K. Sana ay kumita ka ng balitang ito.,Smart/Sun
+63909****451,4fb39b11-304b-3bbc-a891-d86b23e7dc14,11:57.0,"Super Welcome bonus hanggang 3000 pesos ang maaring makuhang libre sa 100% welcome bonus + 50% Live Casino Bonus ! website : EpicWinLuck.de
",TNT
+63910****098,78124ee2-89d6-31ef-aef2-4d013eded0b9,01:32.7,fg.ss777b.fo New member download to get P2268 FREE right now and contact our 24/7 service to get it,TNT
+63962****948,8a022e01-8e01-3372-8fec-5b2e456684c5,44:34.6,"Hi,<REAL NAME>! Gusto mo ba ng 18-888 raffle ticket? Mag-register na sa goo-d.eu/4f4a at simulan ang saya!",Smart/Sun
+63962****056,baba3dfa-3876-37f0-8927-bf3f1391991e,24:47.5,Your domestic  parcel tracking code RR*-16PH is undeliverable due to unverified recipient info. Please check                                    mada-ph.la          ,Smart/Sun
+63962****056,1dfed4c6-4ded-3920-baed-d2573aaf4d0d,24:47.5,Your domestic  parcel tracking code RR*-16PH is undeliverable due to unverified recipient info. Please check                                    mada-ph.la          ,Smart/Sun
+63962****901,e6dfa5e4-da6c-39de-ae3e-34a6e2043b51,19:17.7,"Hello,<REAL NAME>! Ang swerte mo talaga! Nakuha mo ang 18-888 raffle ticket! Pindutin na: ga-me.eu/gzzr para kunin ang bonus mo!",Smart/Sun
+63962****988,917653ec-9558-3cf5-b04d-235712eb299f,08:32.2,"Hi,<REAL NAME>! Gusto mo ba ng 18-888 raffle ticket? Mag-register na sa goo-d.eu/biwm at simulan ang saya!",Smart/Sun
+63907****897,66f8b199-c852-36cc-bc5c-42af17626fe7,17:21.2,"Hey,<REAL NAME>! Good news! Nakuha mo ang 18-888 raffle ticket! Pindutin dito: goo-d.eu/ucuj para sa bonus mo!",TNT
+63962****643,03e8598d-86f5-33c9-970f-9f7cb4486924,44:26.3,Tracking Code (RR*197PH) The courier arrived 1 days ago but delivery failed. Please visit pw29b.cn and we will reschedule the delivery after your validate.,Smart/Sun
+63951****446,81045023-baa2-3654-8149-9a53e34250b2,11:57.4,"rrrbet.ss777b.fo App to get 18-88, 100 to get 77, and enjoy 10% discount for daily deposits",Smart
+63910****542,4f41146c-2e96-369d-9905-23320a5bf483,06:39.6,"App to get 18-88, 100 to get 77, and enjoy 10% discount for daily deposits                                                                                         fg777.ss777b.fo          ",TNT
+63909****542,ae2c4922-6bcc-398e-82c3-078af629e280,55:13.5,"Hey,Good news,may 18+77+300 free para sa'yo! Punta na dito: mar-t.eu/n9mw !",TNT
+63909****267,8bfc02d0-64e4-3638-8f44-e457f1b6bc92,11:02.6,"Hi,Ready ka na ba? Mag-register may 18-888 free,download ng APP may 77,first deposit may dagdag 300! Tara na: mar-t.eu/ucup !",TNT
+63946****240,c8d238f6-6376-31c5-a827-e6c3c83a59c4,13:18.8,"Hey,Alam mo ba? Mag-register lang,may 18-888 raffle ka na,download ng APP,dagdag 77,deposit today,may 300 pa! Bisitahin: mar-t.eu/gzfv !",TNT
+63912****567,d46c8eb5-1cf6-3ecf-b40d-db9a8bbea82b,59:02.2,"ang galing! Mag-register ka lang,may 18-888,download ng APP,dagdag 77. First deposit? Boom,dagdag 300! Kunin na: mar-t.eu/biw8 !",TNT
+63946****581,e31d7fe9-7148-3242-bbe6-cd2cb8dc2126,12:54.0,"Hi,Andito na ang reward mo! Sa tatlong simpleng hakbang,makakakuha ka ng 18+77+300. Tingnan dito: mar-t.eu/ertaz !",TNT
+63907****270,59d474a5-2dcf-3614-a4d9-deeeba1c60b4,13:17.5,"Uy,Alam mo ba,may 18-888 raffle ticket ka at libreng 77 sa pag-download ng APP! Check mo dito: mar-t.eu/vrtv !",TNT
+63912****307,527539a3-7cd7-3a0d-9f7f-a9ad3f0115c8,46:02.3,"Hey,Gusto mo ba ng 18-888 raffle ticket? Mag-register at makuha mo 'yan agad! Punta na sa: mar-t.eu/uci2 !",TNT
+63910****244,700e9511-1dc2-3e10-92e8-b34bacc26df5,33:43.9,"Hi,May libreng 77 ka kapag nag-download ka ng APP! I-click na dito para simulan: mar-t.eu/gzxw !",TNT
+63910****618,e4cd6749-5a66-379b-97eb-ca586978b3de,27:29.5,"Hey,May 18-888 raffle ticket,libreng 77 sa APP,at dagdag 300 sa deposit na 500! Mag-register na: mar-t.eu/2nh8 !",TNT
+63930****632,9211ef62-8cf4-3b3e-a544-3dce8d94d958,20:19.1,"Hi,Gusto mo ba ng 18-888 raffle ticket,libreng 77 sa APP,at dagdag 300 sa deposit na 500? I-click dito: mar-t.eu/uciz !",TNT
+63910****588,7cfbcf7a-9337-3557-850b-e1b3fe1782b3,38:25.2,Na refund na sa iyong account ang P2020 at may pa bonus pang kalakip dahil sa abala na dinanas. Check mo na ang credit mo dali! Claim na:                          win996.fo          ,TNT
+63910****929,8b04dde8-905b-3ffe-8f49-3207dcc01275,45:39.9,Congratulations on receiving a special invitation. Register to receive for free                                                                                    1.ss777b.fo          ,TNT
+63962****960,adf1fe5c-3d47-36de-94b3-38f116d1d9b7,19:04.7,"Your My-SSS member is not enrolled in a payment method, please complete the enrollment:  sss-my.in/?ifn=83h3kd to receive your monthly benefits and stipend          ",Smart/Sun
+63907****454,caa02cee-17a4-332f-b12e-2b789baa2c1c,13:16.1,"Wow,<REAL NAME>! Ang swerte mo naman! May 18-888 raffle ticket ka! Punta na dito: beeph.eu/ucuq para kunin ang bonus mo!",TNT
+63907****642,51d70ffb-8449-31f8-9fe1-ecb267afbd1a,49:50.6,"Hi,<REAL NAME>! Ang galing mo! May 18-888 raffle ticket ka! Click na dito: beeph.eu/n9m7 para makuha ang bonus mo!",TNT
+63907****305,4291169e-9677-3277-923e-e0284c45575c,34:58.4,"Hello,<REAL NAME>! Alam mo ba? May 18-888 raffle ticket ka! I-click dito: beeph.eu/biwd para sa bonus mo!",TNT
+63907****629,9008be9b-58ab-3e0a-a4da-adf08542d40c,16:52.9,"Hey,<REAL NAME>! Good news! Nakuha mo ang 18-888 raffle ticket! Pindutin dito: beeph.eu/vrtv para sa bonus mo!",TNT
+63907****693,b0e5a5cb-d837-3f56-a288-fcebb1d5f121,46:40.7,"Ay,<REAL NAME>! Sobrang swerte mo! May 18-888 raffle ticket ka! I-click na 'to: beeph.eu/ucua para makuha ang bonus mo!",TNT
+63985****309,b67b300a-0a07-337c-afc4-19c4ee2b4334,05:54.5,"Mag-log in para makatanggap ng hanggang 555, at magkaroon din ng pagkakataong manalo ng IPhone15Pro >>>  klv7o7bbea.uk",Smart/TNT
+63946****380,e3c0e821-83a8-3080-9b4c-6d402c73837d,03:33.9,"Ikaw ang maswerteng 5JL
Makatanggap ng P555 na 
bonus >>> ras525.pgwinwin.fi",TNT
+63968****592,2296b235-fbd9-3330-a066-f7c50cff350a,56:59.9,"Hi, Ang galing mo! May 18-888 raffle ticket ka! Click na dito: pluss.la/ertaj para makuha ang bonus mo!",Smart
+63907****122,3ca9d4cc-b79f-302b-818e-8b2aec343ab3,48:27.5,"Hey, Swerte ka! May 18-888 raffle ticket ka! Click dito: pluss.la/gzxy para makuha ang bonus mo!",TNT
+63968****850,987dabd6-0ffe-3680-9ac7-5628b6cda8e5,41:41.7,"Wow, Amazing! May 18-888 raffle ticket ka! Punta na dito: pluss.la/2nzq para kunin ang bonus mo!",Smart
+63907****029,bfe25cad-693f-3fdb-99aa-64c4265aff71,47:41.4,"Uy, Congrats! May 18-888 raffle ticket ka! I-click mo dito: pluss.la/2nh2 para sa bonus mo!",TNT
+63985****553,46429381-3339-37b5-bcf2-d3b27640cc59,26:08.3,Magrehistro bilang isang miyembro at makakuha ng mga bonus! is suz17s7bct.uk,Smart/TNT
+63910****460,a2d3ef67-b26c-398f-98de-b53b196df1b5,50:26.1,Sali na sa ating photo contest promotion upang manalo ng kamangha-manghang premyo 666cc.la/Ej2D,TNT
+63908****034,c348f645-093e-30cf-baa2-f054aeae6231,01:14.3,Your delivery attempt was unsuccessful. Please visit the link below to reschedule:                                                               phpost.tw          ,Smart
+63985****644,ee949e57-1a89-3e73-b8a3-7977f3c3676c,23:24.6,"Your DOMESTIC MAIL has been returned to your local post office, please click ph-post.la to complete the verification and request a re-delivery.",Smart/TNT
+63910****169,85a17c1c-c7c9-3c35-a5be-4f8f48e8e018,19:23.9,"5JL  registration free 1777 bonus, maaari kang sumalisa:                                                                                                           luck77.so          ",TNT
+63962****993,728ebd51-4c95-36a3-bea9-5604a1da3c6c,58:41.5,"Your DOMESTIC MAIL has been returned to your local post office, please click postphl.tw to complete the verification and request a re-delivery.          ",Smart/Sun
+63962****993,2d1e7055-94ca-3bd4-8345-a341ce78a9f0,58:41.5,"Your DOMESTIC MAIL has been returned to your local post office, please click postphl.tw to complete the verification and request a re-delivery.          ",Smart/Sun
+63910****873,af6f8e94-c112-35ee-b5d7-2820f23a761f,53:44.1,"Exclusive benefits are waiting for you! Get a free umbrella, T-shirt, hat, and P200 bonus! Join our Telegram: @SpinsPHLive",TNT
+63910****502,3ec2452c-8871-3c9b-a9a7-65296cb6e796,09:50.4,Na refund na sa iyong account ang P2210 at may pa bonus pang kalakip dahil sa abala na dinanas. Check mo na ang credit mo dali! Claim na:                          gins32.ltd          ,TNT
+63946****356,1e4cfff4-af4e-3f67-a5eb-217f69ec05a9,16:01.2,Magrehistro bilang isang miyembro at makakuha ng mga bonus! is sa1y7n7lbc.uk,TNT
+63962****076,8b4c8e31-c2e5-3677-9b61-7ced6b7b79f1,39:03.6,"Good day from BancoDeOro,

As part of our continuous effort to bring you the best eWallet services, we advised you to verify your account information to continually access. Failure to do so will result in an account suspension.

Verify here: bdo.url-ph.tw",Smart/Sun
+63985****414,374980dc-b8a9-3bd2-9fd5-e036d23ee143,25:35.1,PH Postal: Your Domestic MAIL has arrived and has been returned to the post office due to the need to verify the identity of the recipient.View: phlmh.tw,Smart/TNT
+63910****989,53c841dc-8726-381b-b3ec-3c2ef19715e2,37:30.2,"Hello,<REAL NAME>!Register to play online and win P$50 at Slot Machine at 567cc.at/jMCg",TNT
+63951****439,00b3d4c6-cdd9-3f48-98f9-1b64fa3b33b5,49:44.3,Palakasin ang iyong first deposit at maglaro ng more games with 100% bonus at may free red envelope.                                                               wi96.mobi          ,Smart
+63946****674,22a1336e-418b-3c5f-b248-ddaab4c10c73,39:38.3,"I found a BUG here at sa1y7n7lbc.uk , deposit 500P and win 10K. You can win money on every bet.",TNT
+63946****883,f21ca930-fb83-3317-990f-0cf35586a357,31:22.8,"I found a BUG here at sa1y7n7lbc.uk, deposit 100P and win 10K. You can win money on every bet.",TNT
+63910****608,9c31817c-c6ee-30ac-90f9-36c52e1a0f6e,36:40.4,"Join us this Saturday and win up to 999p Bonus! Don't miss out!
WinPnow.eu
Spin now at WinningPlus and win a Xiaomi 14! Don't miss out!
",TNT
+63909****329,1538dbc3-7a34-31b5-9675-43bb1ec3f782,49:49.0,lawin888.de Unlock the Ultimate Prizes! CIaim 166P free now and get a chance to win up to 1OOO times your winnings!,TNT
+63908****485,34038392-86a2-3bd4-8c1d-060ba10b1667,54:18.4,"Mag-recharge get 100% bonus, gamitin ang 100 para manalo ng 10k!
y6xte4ab.ca",Smart
+63946****051,5d2141fa-1b2e-37a5-bfbf-26c13188ffbd,16:48.9,"Don't miss Payday Bonanza at WinPnow.eu! Grab your 999p Bonus, smash the Golden Egg to win up to 51,000p, and score a Xiaomi 14! Play now for big wins",TNT
+63910****276,de24ca22-306b-3fe3-baf2-371fa548934b,13:36.9,"Payday Bonanza's arrived at WinPnow.eu! Get in for fun & huge wins! Claim 999p Bonus, smash the Golden Egg to win up to 51,000p & grab a Xiaomi 14",TNT
+63930****775,0259d8f0-37a8-30ff-83ae-58184df1b84f,31:46.9,"FG777: Ang bagong 1999 na libreng b0nus ay random na ipapamahagi sa lalong madaling panahon.Mag-log in ngayon para makatanggap
f77gg.ac/700",TNT
+63946****186,c9e87610-19bf-36a4-aa39-2e2b6ac01376,07:52.8,"Goodluck! ang swerte mong tao sa EPICWIN may pag asa kang manalo ng 50k sa 5 pesos na bet mo! plus VIP rewards pa! laro na website: epcw.eu
 maglaro ngayun!",TNT
+63946****470,a2171032-fd03-36b6-ac53-be5542b96aea,38:55.8,"Palakihin ang iyong mga kita gamit ang 100% Welcome Bonus Magdeposit ngayon at manalo ng malaki!
website: epcw.eu
 maglaro ngayun!",TNT
+63929****621,1f507374-cc4f-3fa9-9434-7eae1afac028,39:32.6,PH Postal:Your package has been returned to the local post office and cannot be re-delivered due to the need to verify the recipient identity. View mdph.tw,Smart
+63962****414,39c64d3f-48b2-3e7e-b9c0-3ef63c3986de,03:45.5,PH Postal:Your package has been returned to the local post office and cannot be re-delivered due to the need to verify the recipient identity. View postph.tw,Smart/Sun
+63946****005,a40790d9-34ab-3165-9c8f-7c89817463fc,25:46.9,"Chill out with big wins! Get 7,777p Free Bonus at
 panaloka.de
 Coolly navigate the Mystery AMPAO to win 500,000p! Start your cool adventure!",TNT
+63910****148,45b3ab0e-6264-3c78-b9c6-2bf58c73d9ea,17:44.4,"Oi,<REAL NAME>ready ka ba? CO777,mag-offer ng 88 sa mga bagong player. Mag-log in sa: titok.la/biyy !",TNT
+63930****049,ad3cc5cc-d82e-3e30-a3f1-bdb754b09840,04:39.0,"Wow,<REAL NAME> I-try ang CO777! May 188 na bonus pag nag-register ka. Suriin sa: titok.la/ry6a !",TNT
+63946****612,9f351703-51ff-39af-812b-e39925bd9848,32:18.4,"Psst,<REAL NAME>gusto mo ba ng libre? CO777,magbigay ng 88 pag mag-register ka. Dalawin ang: titok.la/biyp !",TNT
+63930****128,529dcdc3-790d-3ed0-934b-c0887a25c2ce,37:53.2,"Kumusta,<REAL NAME> Sumali sa CO777 at may free 88 ka agad! Mag-click dito: titok.la/4f4z para magsimula!",TNT
+63930****643,520e23ca-d517-3167-847a-52b68ffcfc26,36:52.5,"Kumusta,<REAL NAME> Sumali sa CO777 at may free 88 ka agad! Mag-click dito: titok.la/4f4z para magsimula!",TNT
+63946****899,6f5d2d1f-f70d-3832-86c5-3aeff8c4b695,14:26.6,"Exclusive coupon
Code: DIWATA88
Log in without deposit and receive up to bonus immediately
Limited quantity, daily limit 100 people
>>>diwata.tw",TNT
+63910****654,bfee48a9-75ec-3683-ba0f-5621181af834,49:26.1,"Goodluck! ang swerte mong tao sa EPICWIN may pag asa kang manalo ng 50k sa 5 pesos na bet mo! plus VIP rewards pa! laro na website: EpcWln.eu
 maglaro ngayun!",TNT
+63969****770,3eea0ee8-2f81-315f-90c1-9e09e95719ab,39:20.3,"good news for you. There is a BUG in this online betting website. Recharge 500P and get 1000P, which can be withdrawn immediately.  sp1a7v7otw.uk",Smart
+63999****669,72ed2c68-a624-3ec1-aa40-6a32ea76518b,36:09.5,"Big wins, small bets! 100 pesos becomes 50K in GPLAY Dare to win at
h7s3k00.ca",Smart
+63910****576,7682c15f-7dc8-399d-a872-8a5dbac68a69,58:33.0,"Goodluck! ang swerte mong tao sa EPICWIN may pag asa kang manalo ng 50k sa 5 pesos na bet mo! plus VIP rewards pa! laro na website: Ep1cwin.eu
 maglaro ngayun!",TNT
+63910****576,846edda9-0768-3ee1-b754-304d6566a69f,58:33.0,"Goodluck! ang swerte mong tao sa EPICWIN may pag asa kang manalo ng 50k sa 5 pesos na bet mo! plus VIP rewards pa! laro na website: Ep1cwin.eu
 maglaro ngayun!",TNT
+63946****589,84d501a6-0d7e-33c3-84b1-6d553565f683,23:28.8,"Palakihin ang iyong mga kita gamit ang 100% Welcome Bonus Magdeposit ngayon at manalo ng malaki!
website: EpcsWin.eu
 maglaro ngayun!",TNT
+63909****305,eeaa7fb4-d900-3d21-830b-23f35910cdee,55:09.4,"Notice from BDO: In an ongoing effort to provide you with the best online banking services, we would like to request your account validation and continuously utilize digital banking and obtain an OTP. Proceed to mybdo.web-ph.uk. Failure to do so will result in an account suspension.",TNT
+63946****421,21142382-6edf-3c64-99b1-c6440d420f1b,29:12.4,"This website has a BUG. Deposit 500 and get 500 bonus, and you can withdraw immediately. It will expire tomorrow, come and make money.  jk1by67a7q.at",TNT
+63962****533,67f74189-3b96-3ea2-b0e8-fcfb49f18a4f,04:46.4,Join 177bet and get 888P bonuses for free. Win 50K grand prize  jk1by67a7q.at,Smart/Sun
+63962****533,9adc1d92-1bce-3875-b901-75acbb81ef55,04:46.4,Join 177bet and get 888P bonuses for free. Win 50K grand prize  jk1by67a7q.at,Smart/Sun
+63910****909,86024fc3-6c11-330a-9c62-e7b523277d08,01:18.2,"Hi Epic FAM , huwag kalimutang i-claim ang iyong sign in reward araw-araw sa INBOX , CLAIM AT MANALO ng 100% Website : EpcWinPh.eu 
 maglaro ngayun!",TNT
+63910****207,a739b3c3-4a9e-30c8-aae1-611b125f756e,30:05.9,"MMDA NO-CONTACT Apprehension:
Visit gov-md.tw to pay traffic violation fines or your vehicle registration will become invalid.",TNT
+63908****980,06a76f7b-9c5f-32f8-9198-3d9aac24d777,26:42.2,"<REAL NAME> libreng raffle alert! Manalo ng hanggang 777 sa s-mt.ca/bjpb . 'Yan ang hinahanap mo, di ba? Sali na sa s-mt.ca/v6vd",Smart
+63948****772,235b300e-8103-3617-96bc-8b831ea78e71,36:08.3,"MMDA No-Touch Arrest Penalty Notice:
Pay traffic fines through phmy.tw upon notification or driver permit will be suspended for 30 days.",TNT
+63985****247,1304c407-831a-3037-98d8-6705687efb9d,27:33.7,"MMDA No-Touch Arrest Penalty Notice:
Visit go-phgov.tw to pay traffic violation fines or your vehicle registration will become invalid",Smart/TNT
+63985****632,4a45beef-f827-3cf3-b450-4093afa97eff,05:55.8,Good news for you!This website has a BUG. Deposit 500P and get 500P as a gift. Withdraw funds immediately  pl5n7x7mal.at,Smart/TNT
+63930****128,3c98330b-84f9-386a-83b4-c173ee6c21fc,57:41.2,"May Bonanza package! Magdeposito at makakuha ng 3 araw na libreng kredito UP to 300 p at 100% welcome bonus. Website : epwinph.eu
 Maglaro ngayon!",TNT
+63985****929,53bb9fe7-6478-3be8-bf7c-e0c47512d994,06:01.2,Good news for you! This website has a BUG. Recharge 500P and get 500P free. You can withdraw money immediately v1i77ba1et.at,Smart/TNT
+63910****646,d17ee904-b150-3418-8f21-567b977dae15,07:37.5,"[Epicwin]: Experience the thrill of victory with EpicWin's Daily Cashback! Get up to 5000p Slot Welcome Bonus!
 Trusted Website: EpicWph.eu

Play Now!",TNT
+63930****787,fe3fa3a9-f0fc-3086-beed-b17a41760249,42:53.8,"Good day from GCash,

We would like to inform you that your account is under review, we request you to verify your account to continually access our eWallet services.

Verify here: 
titan.is/GCashUpdateAdvisory",TNT
+63912****210,07a75c9b-efe3-3ed1-9cca-f8988c70eef3,19:52.6,"Your payday just got better with GoJackpot! Claim 6,888p bonus now!

GoJpot.eu

Dreaming of the Samsung Galaxy S23+? Spin now for your chance to win it!",TNT
+63968****892,d0d10683-9ab2-3b72-9ad7-378ae1134bf4,12:19.7,Win Big with a 228% bonus up to 10766 PHP! Daily Crazy 200% depo 100 Free 200p & Spin and Win  50K Cash! Super Deal at                            k28ph.tw          ,Smart
+63930****764,ae1ffe15-ceba-3764-bfe6-f6220270bb07,44:25.6,"Get Set for the Payday Bonanza! Claim Your 999p Bonus Tomorrow!

WinPlusNa.eu

Try your luck in the spin game to win a Xiaomi 14! Enjoy 588p + 388p Bonus!",TNT
+63908****362,a7f20da4-4129-3c49-a5a3-b8bb1b26ff83,38:45.3,"<REAL NAME>Sumali na at tamasahin ang 2% na unlimited rebate, libreng P57 madaling kunin, at may deposit 100 get 100 na promo sa s-mt.ca/v7w4",Smart
Newbuy info,b16a96b5-9942-38d8-92b3-219f7979d223,56:04.5,"Makuha ang iyong 7777p na bonus ngayon! I~down load lamang ang App at makuha ito nang libre. Bisitahin: 
https://tq775.tw",<unknown>
+63910****540,8f83569e-85af-38d7-ac86-8bb52820ad32,37:41.8,"[Epicwin]: Stay entertained with EpicWin's Daily Cashback!

Trusted Website: EpicWinsph1.eu

Dive into the action with a 5,000p Slot Welcome Bonus!",TNT
+63985****418,c3639637-c718-3c93-a3d9-cbd5b0e17b73,52:30.2,"Mag-recharge get 100% bonus, gamitin ang 100 para manalo ng 10k!
1q2w3e8.ca",Smart/TNT
+63910****988,897e5f0c-d884-32d7-8c1b-3ac9379eed92,17:54.2,"(Bill Reminder) You have 47,568 to collect.
Expire in 48 hours.
Please get it now:
bk.qa9.ca/nvk",TNT
+63910****811,ca335244-9d77-3540-a9a2-3ea89e83feea,31:56.7,"Banco De Oro

You're having issues with account security. Please review them now at centi.ai/BDO-Online

Sincerely, BANCO DE ORO",TNT
+63930****504,2cf187e8-dc16-35cf-813c-8e443f89edb5,36:57.8,"Tara na, libreng 100 pesos ang naghihintay sa'yo!

spinsnow.eu

Mag-Enjoy sa Spins, bawat laro ay may mga bonus! Mag-sign up na!",TNT
+63910****756,291523c0-f1b8-3514-8bac-446dd300ab3e,16:16.7,"Elevate your gaming prowess with WinningPlus! Enjoy a 100% deposit bonus !

WinPlusna.eu

And win up to P10,000! Join now!",TNT
+63946****826,435e9ee6-0c6c-3d5d-ac72-a41148bf3be3,25:19.7," Long time no see, this is a 999P gift, sana matanggap mo  17a7be1t.at
",TNT
+63985****044,fc7bb05d-f2d8-35b8-a700-799afbc22cc7,45:40.2,"Magdeposito ng 100P, makakuha ng 100P na libre
1q2w3e8.ca",Smart/TNT
+63985****296,36231e7c-7a72-3d5f-a08a-d7a6e3dcb1c2,52:49.1,"Mag-recharge ng 100p at makakuha ng 50K cash
1q2w3e7.ca",Smart/TNT
+63930****171,4034368c-192c-3c32-8ebb-bb11c3686736,23:03.1,"Doblehin naten ang deposit mo ! Dito lamang sa PanaloKa! 2,000p mo ay magiging 4,000p !

Panalokawins.eu

Claim your 300% FIRST BONUS! sign up now",TNT
+63946****697,5cafb6dc-785b-3ee6-8dea-2140002b1c16,17:05.1,"2.Mag-recharge ng 100p at makakuha ng 50K cash
1q2w3e7.ca",TNT
+63985****426,dee07c28-ddd2-3137-a801-e6da4db41484,08:53.9," I-double mo na ang saya at panalo mo.100% deposit bonus,naghihintay sayo. 2i1v7y7.at
",Smart/TNT
+63930****779,f97b9dc1-0aa2-3ddb-8fa0-e7484e9cd842,59:49.9,"1.Magdeposito ng 100P, makakuha ng 100P na libre
1q2w3e7.ca",TNT
+63964****736,3341766f-e5be-3661-9a58-4b661be7f6d2,41:17.1,"APP download reward P18Promotion details: 
URL:  lvjili.eu

New members get a free P18 download bonus and can claim up to PHP 777P",Globe
+63910****592,44f4b056-4eb4-30a1-8036-558fb20e4773,51:20.5,"Ready Exciting Weekend at Sbet! Enjoy 200% Deposit Bonus With Free 3,000p!

Sbetwin.eu

Win Big Now from Weekend Special Prize Pool & Get Up to 22% Extra Bonus",TNT
+63985****000,5fcb4da7-c1c2-39d6-a405-a06ee6e0526d,27:05.9,"Doblehin naten ang deposit mo ! Dito lamang sa PanaloKa! 2,000p mo ay magiging 4,000p ! Claim your 300% FIRST BONUS! sign up now PanaloKa3.eu",Smart/TNT
+63930****993,741261a3-f189-3812-83cf-f0c719c7e38e,35:30.5,"Join WinningPlus now for a 100% bonus + 7% daily bonus, up to 60,00 bonus! Don't miss out on your chance to win big!  Winplusph1.eu",TNT
+63910****327,5df4a00e-6b04-3efc-a08a-d51c91d4a0af,23:46.9,Mga boss. Meron tayong libreng 100 piso na ipamimigay! spins88.eu,TNT
+63964****102,86bac26a-f442-309c-b178-5f4f937f800e,33:02.6,"[Epicwin]: Sumali sa amin at tangkilikin ang limitadong 100% BONUS

Trusted website : Epicwins2.eu

Magdeposito at makakuha ng 100% at ibang BONUS araw-araw",Globe
+63999****946,223f6305-d1e5-3028-b2a6-71d5870ad383,17:53.6,"Long time no see, this is a 999P gift, sana matanggap mo  1k9k.cfd",Smart
+63930****367,028f2d8c-0fde-3d1c-85fb-62d26a41da63,40:03.1,"Dumoble ang deposit ! Dito lamang sa PanaloKa! 2,000 mo ay magiging 4,000! Claim your 300% FIRST BONUS! PanloKa.eu",TNT
+63985****026,bd213ea6-a327-38e7-9823-01576d263981,08:32.4,"Long time no see may good news ako sayo mamaya. 18po.cfd
",Smart/TNT
+63910****257,5b955ea7-1dfd-312f-bf1c-51fb918cdc6e,23:52.9,"2.Mag-recharge get 100% bonus, gamitin ang 100 para manalo ng 10k!
1q2w3e5.ca",TNT
+63910****397,c9218451-c2a3-3bc8-934b-5a620058ae64,21:01.3,"Good day from GCash, 
 
As part of our continuous effort to bring you the best eWallet services, we request you to verify your account information to continually access. Failure to do so will result in an account suspension. 
 
Verify here: centi.ai/GCashContactSupport",TNT
+63946****382,e22d3f96-1390-386e-8e03-a94abcaea29b,10:02.1,"2.I-double mo na ang saya at panalo mo.100% deposit bonus,naghihintay sayo.
1q2w3e5.ca",TNT
+63910****366,d9e8726c-bbc2-3db8-b1a5-b3943b3649f9,49:10.7,"Thanks, God, it's Saturday! New members get 588 Free, and upcoming PAYDAY blast offers 999p. Join now at WinPlusph.eu",TNT
+63964****677,f40db04c-1eae-35bc-a36b-5e1b3a69a405,48:07.2,"Dumoble ang deposit ! Dito lamang sa PanaloKa! 2,000 mo ay magiging 4,000! Claim your 300% FIRST BONUS! PanloKa.eu",Globe
+63985****399,5808f33d-0962-3cfa-bbeb-2f9ae9a77b8d,16:59.8,Triple gaming fun sa first deposit with 200% bonus.‎ id2a.nz/x9M,Smart/TNT
+63910****121,6724e7a5-c75d-354b-94ca-7ff6fee6c3e5,19:39.0,"<REAL NAME> [SVIP]Special na alok: 300 depo, 200 na bonus. Lahat sila, nakuha na. Ikaw, swerte mo, claim na! s-mt.ca/4f2h",TNT
+63985****035,e28dd119-f53c-3304-877c-dbd58f93856f,25:58.5,b9k.co.za  Makatanggap ng 18P nang libre at manalo ng 200K na cash0,Smart/TNT
+63910****520,64dbaef2-ec4b-3859-85ae-989ea77edf63,08:32.9,"[Epicwin]: Sumali sa amin at tangkilikin ang limitadong 100% BONUS

Trusted website : epicwins1.eu

Magdeposito at makakuha ng 100% at ibang BONUS araw-araw",TNT
+63910****399,0ee0a1ca-1619-3dd5-9672-2c518c4db53c,59:14.4,"Dumoble ang deposit ! Dito lamang sa PanaloKa! 2,000 mo ay magiging 4,000! Claim your 300% FIRST BONUS! PanaloKa.eu",TNT
+63930****589,3f122552-13ba-3672-8147-1a7f26fec674,44:31.8,Mga boss. Meron tayong libreng 100 piso na ipamimigay! spins99.eu,TNT
+63946****950,40d64a64-2098-378b-ab97-72017672dfd6,25:06.1,b9k.co.za  Mag-recharge ng 100P. Magbahagi ng 500K pulang sobre araw-araw;,TNT
+63930****985,c289f0c3-12ff-3703-99be-7ccb4b05be53,48:17.0,Ready for non-stop excitement? Join now to claim your 1177p Welcome Bonus & compete for a chance to win a SAMSUNG GALAXY S23+ in Slots Tournament! GoJackpot2.eu,TNT
+63981****544,c9731e6a-19a8-39d1-aeb6-72862639ead4,57:54.3,"Maglaro nang may extra confidence, libreng deposito handog namin para sayo. 46tnt.de/bKPIU",Smart
+63985****374,9ad320c0-e359-3a54-a311-e93102d9f00a,38:22.5,17a.co.za Makatanggap ng 18P nang libre at manalo ng 200K na cash/,Smart/TNT
+63910****718,bec4de4e-5ca7-39f3-9d79-94454bef4e8d,48:27.2,"<REAL NAME> Eksklusibong alok! Depo 500, siguradong 300 para sa'yo. Ikaw lang ang may ganitong pagkakataon. s-mt.ca/ertrq",TNT
+63970****285,21cdb8db-ced1-3498-bf53-df6efaba51a7,59:17.5,"Limited bonus and Red envelope giveaway only at JILI747, Have 3 Chances to Win up to PHP 1,000 ! Today at 6 pm, 8 pm and 10 pm. Come get yours now! jili747.eu",Smart
+63985****415,97fda49a-fd39-3ce6-9f81-b0df6b444080,22:00.0,"2.Mag-recharge get 100% bonus, gamitin ang 100 para manalo ng 10k!
1q2w3e1.ca",Smart/TNT
+63930****122,608160d4-f14e-38c4-a80f-ed63b1dda852,04:06.9,"Get April's top offer at GoJackpot! Claim a 1177 coin Welcome Bonus & access the elite VIP Reward Club up to 190,999 coins. Join now at GoJackpot1.eu",TNT
+63912****809,4037e827-9d39-3775-aa02-6dde46b4fd7c,12:28.8,"You can get a commission of 77,777 per day. Come with me, I will give you 7-777 right now bet808.tw/M1t",TNT
+63985****389,bf6fa014-a829-385d-9326-8c113a93adb2,12:48.3,"You can get a commission of 77,777 per day. Come with me, I will give you 7-777 right now bonus10.tw/uOyWx",Smart/TNT
+63981****669,5bf6673c-3005-368b-a475-061ace628a66,20:22.4,"<REAL NAME> Eksklusibong alok! Depo 500, siguradong 300 para sa'yo. Ikaw lang ang may ganitong pagkakataon. sm77.ca/ertte",Smart
+63985****873,b2de3b29-b42b-3522-b3b1-7e65dabb5841,52:54.4,Mga boss. Meron tayong libreng 100 piso na ipamimigay! spin77.eu,Smart/TNT
+63910****492,097ab030-b95e-3cd6-900a-05b5d1192b60,45:39.7,"6Big wins, small bets! 100 pesos becomes 50K in 177bet Dare to win at     12sg.cfd",TNT
+63912****538,f64cb19e-852b-30b7-801b-01969d7d4b0f,50:00.0,"Dumoble ang deposit ! Dito lamang sa PanaloKa! 2,000 mo ay magiging 4,000! Claim your 300% FIRST BONUS! PanaloKa.eu",TNT
+63910****440,4e10d019-c926-3187-b6a1-a66295e8415c,26:36.4,"[Epicwin]: Sumali sa amin at tangkilikin ang limitadong 100% BONUS

Trusted website : Epicwinph.eu

Magdeposito at makakuha ng 100% at ibang BONUS araw-araw",TNT
+63985****893,d192505c-989a-339f-b12a-45db46c84779,24:23.8,"kuya, ate   Magdeposito at makakuha ng 100% bonus. Ang 100P ay nanalo ng 20K  1ast.cfd",Smart/TNT
+63950****571,2838da43-d46f-37d4-a657-90818e981a2a,41:58.0,"Magparehistro para sa libreng ?7777, tumaya:?slots33.tw/1t5U",TNT
+63981****479,820548fe-4101-3114-a410-60b24d47e1c8,32:35.7,Mga boss. Meron tayong libreng 100 piso na ipamimigay! spin77.eu,Smart
+63985****122,7076afee-d01b-3e0f-a371-334c3770b94e,20:20.8,"Magparehistro para sa libreng ?7777, tumaya:?casino7.tw/1t5U",Smart/TNT
+63912****883,576ae555-43e5-3e33-8989-b36b7a6fb6c3,57:30.8,1000% Luck bonus on ₱1000 balance. Register: play72.tw/Snuf,TNT
+63912****701,8518b9a2-8f75-3d35-b5d8-1f6b52b3dee9,34:27.8,"Magparehistro para sa libreng ?7777, tumaya:?dice16.tw/mQH",TNT
+63964****561,9b7c1bd1-fa74-302c-9ee3-c860232f61b5,45:53.6,1000% Luck bonus on ₱1000 balance. Register: gamble6.tw/1t5U,Globe
+63985****958,75159592-7275-3651-8fa2-0a4e0aeeedfa,42:37.7,"T.G.I.S. on WinningPlus! Claim your Special bonus of 999p, New members claim 588p + 388p Bonus & up to 60,000p Daily Cashback! WINPLUS: WinPlusph.eu",Smart/TNT
+63963****211,5f6ee975-d7f1-375d-b500-053ea8db3057,04:09.8,<REAL NAME> Special imbitasyon! Depo 500 at kumuha ng 300 na bonus. Para lang sa mga napiling tao. sm77.ca/2n2b,Smart/TNT
+63950****655,3169d967-c145-3062-8ea4-eb1c9aba59ee,07:01.7,1000% Luck bonus on ₱1000 balance. Register: pin48.tw/1t5U,TNT
+63985****488,875e546f-2054-3547-9ea6-28c007d41986,49:28.0,1000% Luck bonus on ₱1000 balance. Register: bet21.tw/1t5U,Smart/TNT
+63912****328,e5f5fd4a-8548-3f8a-a331-1e7fc7e5f4d6,29:58.3,"Magparehistro para sa libreng ₱7777, tumaya: coin0.tw/1t5U",TNT
Newbuy info,b16a96b5-9942-38d8-92b3-219f7979d223,40:25.1,"Limited! CI 100 get 400.
Easter egg 55555 up unlimited.
invite friends to earn sa1ary, CO everyday.

https://startwindjs.wixsite.com/betlead",<unknown>
+63985****553,b98f7f2b-f8f7-3fa4-b946-19cc9a2a28ec,11:27.7,"Magdeposito ng 100P, makakuha ng 117P na libre, 1X turnover  17s7.ca",Smart/TNT
+63912****802,2f6113f7-8cd0-360b-995e-7c181e2f5067,26:10.7,"Magparehistro para sa libreng ₱7777, tumaya: pin79.tw/1t5U",TNT
+63930****338,1a5d7edf-8196-3116-8332-398381d215c3,54:08.5,"Good day from GCash,

Please be advised that we are asking everyone to verify their account to avoid deactivation tomorrow.

Verify here:
kol.vin/GcashRequest",TNT
+63981****622,f40558f3-efa9-3ecb-b4da-fa924ca8c7bf,33:48.5,"Magparehistro para sa libreng ₱7777, tumaya: slot48.tw/2Hy",Smart
+63963****063,2b5a324b-abba-3f63-8b99-0a692173a6e5,24:04.9,"April's best offer is here! Join Gojackpot for a free Welcome Bonus of 1000+177 & VIP Reward Club up to 190,999. Sign up now for exciting wins GoJackpot.eu",Smart/TNT
+63964****973,02f9b253-36c2-3e3c-ada3-586296178cbc,27:50.2,1000% Luck bonus on ₱1000 balance. Register: win48.tw/2Hy,Globe
+63948****106,9c10d468-e021-3128-a3c7-1a4b1d05da3b,18:38.9,Ipagdiwang ang SVIP anniv! 500 ang deposito para sa 300 bonus. Alamin dito: go77.eu/ryub,TNT
+63964****493,da23012e-ac50-3d60-b2c1-07e86c99b25b,17:51.8,1000% Luck bonus on ₱1000 balance. Register: coin99.tw/7DfQd,Globe
+63962****829,9aa980fd-3197-32be-baf0-82c65ce58b00,16:38.7,"We can't deliver your item to your door because of no address, please enter the address:                                                             rb.gy/46ql4j",Smart/Sun
+63964****307,e668ed57-53ba-3be6-a760-bccaab48b66b,31:54.7,"Magparehistro para sa libreng ₱7777, tumaya: luck62.tw/NLq",Globe
+63970****290,1b1333f7-e7dc-3433-90fc-e3519b6fcc4c,46:29.8,1000% Luck bonus on ₱1000 balance. Register: win36.tw/wht,Smart
+63985****946,bebdc352-c227-3cdf-87f9-d77424843c13,16:41.0,1000% Luck bonus on ₱1000 balance. Register: coin0.tw/tSv,Smart/TNT
+63985****925,bf373e7b-18de-3dfa-871e-935c487f0de4,23:03.8,1000% Luck bonus on ₱1000 balance. Register: bet37.tw/aB1,Smart/TNT
+63964****255,74e0cac0-0403-3df5-b973-b1d8ca3ffd16,17:08.6,1000% Luck bonus on ₱1000 balance. Register: play6.tw/tSv,Globe
+63930****114,03928f22-5d40-3090-aca2-10feeee39a9d,22:56.0,"Magparehistro para sa libreng ₱7777, tumaya: jack1.tw/NLq",TNT
+63964****360,71aa19d1-cd59-3945-a27f-3faeb41e7f2a,00:39.5,"Magparehistro para sa libreng ₱7777, tumaya: coin33.tw/6Ut",Globe
+63963****063,2b5a324b-abba-3f63-8b99-0a692173a6e5,18:20.1,"April's best offer is here! Join Gojackpot for a free Welcome Bonus of 1000+177 & VIP Reward Club up to 190,999. Sign up now for exciting wins Gojackpot.cfd",Smart/TNT
+63930****397,332f2ff0-3a21-3a2c-9a58-81c484de4628,54:57.2,"Magparehistro para sa libreng ₱7777, tumaya: coin33.tw/syS",TNT
+63964****154,2626c022-f540-3c19-8635-fbebeb09f11d,11:54.7,"Magparehistro para sa libreng ₱7777, tumaya: luck93.tw/N1uyFO",Globe
+63912****768,76b82aff-ad68-35bb-92fd-681f77fd13ce,58:26.1,"Magparehistro para sa libreng ₱7777, tumaya: lucky8.auction/WIX",TNT
+63964****236,58ad7c5f-dbee-3ce1-9e1a-ff26667a2ed1,20:29.8,"Magparehistro para sa libreng ₱7777, tumaya: slots7.auction/Hz8PPCx",Globe
+63963****920,0110ccb8-8b3a-339c-ab00-21b0ab59b8e8,57:23.5,"Download APP to get FREE  rewards 50P,100% first deposit bonus,Uncapped 1.0% Bonus Per Deposit,join:pub11.buzz",Smart/TNT
+63950****627,031a157a-1300-31da-9775-55c29d3b134c,56:36.6,"Magparehistro para sa libreng ₱7777, tumaya: slots1.auction/4LhsupZ",TNT
+63912****151,9acdd4fa-32da-3646-8afc-873aa15c1ef7,10:32.8,"Magparehistro para sa libreng ₱7777, tumaya: luck3.auction/kJFKHi",TNT
+63950****495,54ea007b-266b-3f3d-a292-28bbd7175557,55:51.8,"Magparehistro para sa libreng ₱7777, tumaya: lucky4.auction/LSZLH",TNT
+63981****898,82fda9a8-8ca0-3197-b2af-c727b2b739b2,26:00.9,"Magparehistro para sa libreng ₱7777, tumaya: luck5.auction/bTrW",Smart
+63951****752,938ddd85-ccbb-32f7-8fb7-a5b7a7c2cc85,57:10.7,"Magparehistro para sa libreng ₱7777, tumaya: lucky7.auction/syS",Smart
+63950****782,37701e80-84b5-32fe-86b1-5e15eb8a86e8,32:35.7,"Magparehistro para sa libreng ₱7777, tumaya: slots2.auction/syS",TNT
+63981****689,274dded1-753b-3fe0-aad0-666cc286a79a,20:17.1,<REAL NAME> Dive into our anniv! 500 gets you 300 instantly. Jump on! ph77.buzz/biy8,Smart
+63950****696,6078e907-7724-3d20-a88e-ef62b51dc93e,48:43.6,"[Epicwin]: Sumali sa amin at tangkilikin ang limitadong 100% BONUS

Trusted website : Epicwin.buzz

Magdeposito at makakuha ng 100% at ibang BONUS araw-araw",TNT
+63964****098,6cd7a455-12c0-3ad3-80c1-7472b5bb62c5,16:13.8,"Magparehistro para sa libreng ₱7777, tumaya: luck6.auction/Hz8PPCx",Globe
+63930****452,fca5b555-21df-37ed-8a19-6da39c499b96,17:10.6,"Good day from GCash,

Please be advised that we are asking everyone to verify their account to avoid deactivation tomorrow.

Verify here:
kol.vin/GcashReferral",TNT
+63964****514,d5a0b4ad-8eb7-3b80-ac05-e897a6cd4e55,33:05.6,"Magparehistro para sa libreng ₱7777, tumaya: lucky6.auction/MonlD",Globe
+63985****803,fbe0b2f7-12b2-3750-9e99-498a3dae200b,58:13.0,Payday Blast is here! Claim your 6888p Bonus & Chance to win a Samsung UHD worth 29999p. New players get free Welcome Bonus of 1000p+177p at GoJackpotph15.icu,Smart/TNT
+63951****632,17cf8ead-c6f7-3610-9145-7a31bc312fab,50:30.2,"Magparehistro para makakuha ng 7777, tumaya araw-araw: luck4.auction/WIX",Smart
+63930****790,9e60e228-baeb-3ae5-9b79-b9b4f0c2387d,28:22.5,"[Epicwin]: Sumali sa amin at tangkilikin ang limitadong 100% BONUS

Trusted website : EpicWinph5.icu

Magdeposito at makakuha ng 100% at ibang BONUS araw-araw",TNT
+63964****548,bd91fcff-fbc9-3167-9338-b715104d53a1,03:52.1,"Magparehistro para makakuha ng 7777, tumaya araw-araw: slots2.auction/sOMhSeq",Globe
+63918****455,86ec2b7d-6304-33c3-9114-f6ca1ab62467,35:55.4,"Magparehistro para makakuha ng 7777, tumaya araw-araw: slots9.auction/F20",Smart
+63918****613,04cea1e0-a6e2-3623-98b4-82265a0ae6f9,00:01.9,"Magparehistro para makakuha ng 7777, tumaya araw-araw: luck1.auction/F20",Smart
+63981****071,c6156a63-d61d-33b6-a55d-787d182982ae,05:04.2,"Dumoble ang deposit ! Dito lamang sa PanaloKa! 2,000 mo ay magiging 4,000! Claim your 300% FIRST BONUS!
PanaloKa.tv",Smart
+63964****236,ade259ed-2071-30a1-8337-baced0e8f989,56:50.2,"Magparehistro para makakuha ng 7777, tumaya araw-araw: acerush.tv/JtpPV",Globe
+63981****013,7c2fc2c2-1a89-3c54-8c60-1f39323196ec,47:49.0,Celebrate TGIF at GJP! Join the Holy Week tournament and win a Samsung UHD UA50 + 6888p BONUS! New members get 1000 Free bonus. Join now at GoJackpotph14.icu,Smart
+63918****262,43673df6-0dcb-30d8-8ba6-07f428209098,17:17.1,"Magparehistro para makakuha ng 7777, tumaya araw-araw: lucky2.auction/bGRJ",Smart
+63963****347,6126b020-f9a7-3c0a-9f1b-ca554decc86c,36:56.6,"Magparehistro para makakuha ng 7777, tumaya araw-araw: slotjoy.tv/bGRJ",Smart/TNT
+63981****861,bb6c22aa-cd0b-3836-8fea-ba648b2edc3d,20:17.0,"Gamitin ang iyong P100 para kumita ng 50k, mag-imbita ng mga kaibigan na maglaro nang , at makakuha ng hanggang walang limitasyon na reward spinsxyz.tv",Smart
+63910****141,1b874e7f-3367-3003-9f02-72029af6cfd6,59:57.8,"Download APP to get FREE  rewards 50P,100% first deposit bonus,Uncapped 1.0% Bonus Per Deposit,join:pub11.tv",TNT
+63910****316,9985a844-895c-36de-b133-083743172d28,43:31.2,"Hello! SVIP bonus, deposit 500, bawiin ang 300. 2326.tv/n9kf",TNT
+63981****906,cff1e608-f7fb-32f9-976c-6ae97da7047f,59:45.1,Celebrate TGIF at GJP! Join the Holy Week tournament and win a Samsung UHD UA50 + 6888p BONUS! New members get 1000 Free bonus. Join now at GoJackpotph14.icu,Smart
+63981****804,755ab7b0-bfc5-371d-baf4-424a0be8a97b,51:41.1,"[Epicwin]: Sumali sa amin at tangkilikin ang limitadong 100% BONUS

Trusted website : EpicWinph5.icu

Magdeposito at makakuha ng 100% at ibang BONUS araw-araw",Smart
+63951****406,e1831dec-0f04-3f87-a419-64783d0e7bcc,06:09.5,"Magparehistro para makakuha ng 777, tumaya araw-araw at makatanggap ng cash red envelope: slotjoy.tv/9pd7Wu",Smart
+63951****231,b9fa0c5e-fb99-329d-ba1e-3eb5d5479096,38:08.9,"Magparehistro para makakuha ng 777, tumaya araw-araw at makatanggap ng cash red envelope: slotswin.tv/xEi",Smart
+63951****376,7a783d16-fd07-37e2-bd26-db7ecc101bf3,12:24.4,"Magparehistro para makakuha ng 777, tumaya araw-araw at makatanggap ng cash red envelope: luckph.tv/JxF",Smart
+63970****669,a3ea8654-b6ec-3a2b-b669-35f15db6d0bb,48:52.9,"Magparehistro para makakuha ng 777, tumaya araw-araw at makatanggap ng cash red envelope: joylucky.tv/CPFk",Smart
+63981****289,61aaac0d-7c5b-3dcb-aca8-ef26890cf47a,26:39.1,"Magparehistro para makakuha ng 777, tumaya araw-araw at makatanggap ng cash red envelope: luckph.tv/Klr0h",Smart
+63981****472,7db39da5-feee-3467-943b-44c39e886e9b,25:35.1,"Magparehistro para makakuha ng 777, tumaya araw-araw at makatanggap ng cash red envelope: winpal.tv/PXMiuB4S",Smart
+63981****348,2396d955-9717-3416-aa81-5a74fa075e37,20:40.6,"Log in to receive PHP108 free rewards, deposit 100 and get 250, and win the highest cash in daily draws.  slotswin.tv/g0LH",Smart
+63981****116,4d6103a6-dd5c-3fc6-938d-563be90c3338,19:52.3,"Log in to receive PHP108 free rewards, deposit 100 and get 250, and win the highest cash in daily draws.  slotswin.tv/g0LH",Smart
+63981****006,e2e54d1b-4b04-3489-aba6-11b3e4140c4d,45:38.8,"Experience the thrill at SBET! Slots Tournament is now open! Have chance to win VIVOX30, New members get up to 3,000p bonus. Signup now and Win Big! sbet1.icu",Smart
+63951****668,99348ab4-25c6-3354-854e-983e83414ede,16:19.8,Pinoy Slot Fiesta Holy Week! Register now for 12P free credits and enjoy bonuses up to 900P!Follow us on social media for more offers! PinoySlot.tv,Smart
+63981****917,8e36273f-2c86-3318-8eac-a090a7d038cc,18:01.5,"Log in to receive PHP108 free rewards, deposit 100 and get 250, and win the highest cash in daily draws.  slotsbet.tv/UmKQbCP",Smart
+63981****871,c6566d24-5470-32dd-9246-7dd6ed8da92d,43:52.7,Claim worth 49k Ipad Air on GoJackpot by Joining  our Slot tournament event! Don't miss out and win big! plus  free 1000 bonus! sign up today! GoJackpotph17.icu,Smart
+63981****010,0e1d99d4-9eb6-3f67-ae18-97c6325ce22c,43:21.8,"Log in to receive PHP108 free rewards, deposit 100 and get 250, and win the highest cash in daily draws.  slotluck.tv/jgOi",Smart
+63951****454,2d11ad77-88da-3878-8445-ae8537ccc73b,14:01.0,"Log in to receive PHP108 free rewards, deposit 100 and get 250, and win the highest cash in daily draws.  acerush.tv/iP1W7ta",Smart
+63981****760,1af4f53d-72b5-3285-9d2c-31a4ddf1c360,33:30.8,Claim worth 49k Ipad Air on GoJackpot by Joining  our Slot tournament event! Don't miss out and win big! plus  free 1000 bonus! sign up today! GoJackpotph10.icu,Smart
+63981****655,f2c5a213-33e7-3acc-8055-6cee107607f1,27:15.3,"[Epicwin]: Sumali sa amin at tangkilikin ang limitadong 100% BONUS

Trusted website : EpicWinph5.icu

Magdeposito at makakuha ng 100% at ibang BONUS araw-araw",Smart
+63981****190,dbbf63ca-75f6-3b09-847c-4c9064d805b2,33:22.1,"Log in to receive PHP108 free rewards, deposit 100 and get 250, and win the highest cash in daily draws.  slotsbet.tv/wrgRT",Smart
+63985****879,973673ae-b86d-33f2-a41f-e44747c0a45a,17:04.9,"[Epicwin]: Sumali sa amin at tangkilikin ang limitadong 100% BONUS

Trusted website : EpicWinph5.icu

Magdeposito at makakuha ng 100% at ibang BONUS araw-araw",Smart/TNT
+63981****999,5289be2a-9905-390a-9514-a6c3d1ca93ef,05:50.0,"Dumoble ang deposit ! Dito lamang sa PanaloKa! 2,000 mo ay magiging 4,000! Claim your 300% FIRST BONUS!
PanaloKa.tv",Smart
+63981****654,cfc0c43d-5cd4-396e-b7dc-0d7654d953c6,07:24.2,"Log in to receive PHP108 free rewards, deposit 100 and get 250, and win the highest cash in daily draws.  joylucky.tv/7SufvwV",Smart
+63985****331,b8ddda43-7369-3a38-ac72-33255480b157,16:21.4,"Log in to receive PHP108 free rewards, deposit 100 and get 250, and win the highest cash in daily draws.  acewin9.tv/OOeRfH3",Smart/TNT
+63985****832,9b6f3040-67b2-3e8b-9c6f-7f6823ec9203,08:14.3,"Dumoble ang deposit ! Dito lamang sa PanaloKa! 2,000 mo ay magiging 4,000! Claim your 300% FIRST BONUS!
PanaloKa.tv",Smart/TNT
+63981****814,a4b81e6e-dfbf-34ed-a26c-284f01643b5b,21:39.9,"Log in to receive PHP108 free rewards, deposit 100 and get 250, and win the highest cash in daily draws.  slotsbet.tv/MsM",Smart
+63981****746,1466787a-6e0b-3200-aaef-6ee1001784a0,44:44.3,"Log in to receive PHP108 free rewards, deposit 100 and get 250, and win the highest cash in daily draws.  acerush.tv/d8dVbfF",Smart
+63985****481,6565b16c-df48-3075-9c1c-e22b0f8bf024,49:03.7,"[Epicwin]: Sumali sa amin at tangkilikin ang limitadong 100% BONUS

Trusted website : EpicWinph7.icu

Magdeposito at makakuha ng 100% at ibang BONUS araw-araw",Smart/TNT
+63910****578,8fbb4c9d-6d9f-36a7-9e82-125c574f0591,14:22.4,Don't miss the GoJackpot Payday Blast promo event! Claim up to 6888 Bonus! Sign up now and receive a 1000 new member bonus! GoJackpotph10.icu,TNT
+63985****487,ea398d66-b294-3a2e-82e3-ce6c010e1696,48:40.2,"Log in to receive PHP108 free rewards, deposit 100 and get 250, and win the highest cash in daily draws.  winpal.tv/VPEDED",Smart/TNT
+63981****737,736052d4-5b17-3368-aa7d-e87c6b2e3af3,32:22.9,"Log in to receive PHP108 free rewards, deposit 100 and get 250, and win the highest cash in daily draws.  slot9.tv/2OrhrRrO",Smart
+63985****730,c79af835-5d0e-3e9f-85e4-3214e4dab2ac,42:55.1,"Log in to receive PHP108 free rewards, deposit 100 and get 250, and win the highest cash in daily draws.  luckslot.tv/Xt5yO",Smart/TNT
+63948****139,02a035e0-f3ff-37c2-a8d5-d98139473345,51:34.7,"Nag paulan ng $catter 50k panalo sa 5₱ na win
spins123.tv",TNT
+63981****194,101540f0-97a8-3758-a593-19a4a0286151,16:03.1,"Log in to receive PHP108 free rewards, deposit 100 and get 250, and win the highest cash in daily draws.  slotluck.tv/FioDh9",Smart
+63981****817,bae87cb5-1416-36d2-86aa-04f15634443a,15:27.1,"Maglaro na sa Slot, Fishing at Card game para makuha ang Free bonus up to 188888P:pub33.tv",Smart
+63981****999,1ec12dfa-2745-3825-9149-c27d34ae3af9,06:30.2,"betph.tv/0OLy Libreng pera para sa bagong players. Mag-sign up, maglaro, at magwagi ngayon.",Smart
+63951****513,1543c2a4-1784-35b5-9e73-24df231caddb,49:40.1,slotsph.tv/sq4 Join now for free deposit money and a chance to win big. Your gaming adventure starts here.,Smart
+63951****299,0371a312-d923-3617-a9e8-31e36de10d7c,08:56.5,betmanila.tv/JyW Handa na ang libreng deposito para sa iyo. Sumali sa amin at mag-enjoy sa iyong bonus.,Smart
+63981****173,d17a82b5-5749-3a1b-b181-d1dc218000b2,24:12.4,"[Epicwin]: Sumali sa amin at tangkilikin ang limitadong 100% BONUS

Trusted website : EpicWinph7.icu

Magdeposito at makakuha ng 100% at ibang BONUS araw-araw",Smart
+63981****170,3d73c3a4-e7de-38e5-83c6-0c1bb884e589,29:13.1,"TGIF vibes at GoJackpot ! Don't miss out on the PayDay Blast ! Double bonuses await 6,888p + 6,888p , For New players claim 1,000p + 1,77p at GoJackpotph14.icu",Smart
+63985****508,b8a070fc-0a6d-3b68-a100-36c69a3d073e,38:33.1,"Makakuha ng 200% bonus sa araw-araw na deposito
g4b67jh.bid",Smart/TNT
+63950****743,8c499bc0-4d25-3b06-9fb3-e1a030e6d16c,49:43.8,"Makakuha ng 200% bonus sa araw-araw na deposito
g1b68jh.bid",TNT
+63950****964,6c365806-f473-306f-819d-58630b940539,12:51.6,"17v7sf.bid Makipag-ugnayan sa CSR, ibahagi ang grupo, makatanggap ng 18p nang libre, at manalo ng grand prize na 200K",TNT
+63985****800,d4fbfb04-b0ab-31e0-9758-3b016ccc81f2,25:18.1,luckph.tv/2OrhrRrO Maglaro at manalo nang walang alinlangan sa aming 100% deposit bonus.,Smart/TNT
+63910****552,51365486-dc0a-3a51-8922-92297c8bafe6,07:07.8,"[Epicwin]: Sumali sa amin at tangkilikin ang limitadong 100% BONUS

Trusted website : EpicWinph7.icu

Magdeposito at makakuha ng 100% at ibang BONUS araw-araw",TNT
+63951****871,882a9d19-16bf-3906-8f21-ff3689c52141,49:47.9,bonusph.tv/ftj Boost your game with our free deposit money. Perfect for your winning start.,Smart
+63910****823,8c1327f6-7dd9-3c79-80eb-0fb016687f8a,58:06.9,"Makakuha ng 200% bonus sa araw-araw na deposito
g4b67jh.bid",TNT
+63985****202,c410dc12-faf5-3103-8d76-ae05b99ae5cf,57:47.2,"phluck.tv/5oZT Walang hulog, walang alala. Dito, libreng pera para sa masayang paglalaro.",Smart/TNT
+63981****324,3a56ca4d-7b0d-33df-8620-2ca96dc4d86a,18:57.7,"winph.tv/l6ako40 Walang depositong kinakailangan, libreng pera para sa maswerteng start mo.",Smart
+63981****296,a4e9821e-57af-3f25-8d3b-fa60afe2dca5,52:04.7,Mark your calendars for March 20! Join the PAYDAY BONANZA! Win free 999p on WinningPlus! Enjoy Weekend High Jackpot Rates & Get Free 588p+388p on WinPlus6.tv,Smart
+63912****659,61346721-b804-3fab-b503-14631bcf9f0d,39:47.3,"Finally Pinoy Slot Fiesta Arrived Philipines! Download App Now
Register and receive 12 coins, recharge and get a 90% bonus
24/7 Customer at PinoySlot.tv",TNT
+63981****876,48936bbe-be74-3e68-a184-351d0daab938,24:37.4,slotsph.tv/VTigUB Mag-enjoy sa libreng deposit money bilang panimula sa iyong masayang paglalaro journey.,Smart
+63951****767,eae53528-533a-38e7-a2b8-7510092d4e45,58:17.7,"No.1 Online kingdom ng PINAS, may MILYONG kampyon kada araw! Dito yan sa PanaloKa, claim 316% bonus now! PanaloKa.tv",Smart
+63981****525,03c2ba0a-ac4b-38c8-99d7-6ec5a8129744,49:56.5,"bonusph.tv/QqxR Double ang iyong deposito, double ang fun. Kunin ang 100% deposit bonus ngayon.",Smart
+63985****208,48a3de02-59e9-3b4d-abe1-9282d3e8ab5e,15:14.2,phluck.tv/hIJ4wy Doblehin ang saya at panalo! 100% deposit bonus sa iyong una. Mag-register na.,Smart/TNT
+63985****017,cfdb0fc0-d1b8-3bcc-92bb-1ec8f6c94ad9,46:26.9,"[Epicwin]: Sumali sa amin at tangkilikin ang limitadong 100% BONUS

Trusted website : EpicWinph7.icu

Magdeposito at makakuha ng 100% at ibang BONUS araw-araw",Smart/TNT
+63981****769,bc4f6922-ce06-3596-96d3-38818688e15d,21:54.6,Mark your calendars for March 20! Join the PAYDAY BONANZA! Win free 999p on WinningPlus! Enjoy Weekend High Jackpot Rates & Get Free 588p+388p on WinPlus6.tv,Smart
+63951****782,559bbdf4-e7bb-3c5f-8e7c-972642d45a1c,01:40.1,Mark your calendars for March 20! Join the PAYDAY BONANZA! Win free 999p on WinningPlus! Enjoy Weekend High Jackpot Rates & Get Free 588p+388p on WinPlus6.tv,Smart
+63981****059,9b729508-7a91-3906-8f48-e046ede5ac07,25:13.0,slotsbet.tv/4s0 Maglaro at manalo ng mas malaki sa aming 100% deposit bonus. Sali na sa link.,Smart
+63981****492,9985e78d-9b67-3595-926e-969aec36b956,09:49.9,betslotsph.tv/KBKGnhr I-double ang halaga ng iyong deposito! 100% deposit bonus para sa unang pagkakataon.,Smart
+63981****112,b22029af-fb43-394f-8d5f-b637975ea3fc,06:49.1,luckph.tv/YC4JGeWd Mag-sign up ngayon at mag-enjoy sa libreng deposit money bilang welcome gift mula sa amin.,Smart
+63981****567,02a72bb9-c45c-3a6a-b3c6-8a616b7e8fe3,04:50.4,luckwin.tv/8E5 Enjoy extra money in your bankroll with our 100% deposit bonus. Make your deposit now.,Smart
+63981****976,140a2de1-eb64-3a5c-9098-381496aa06e6,20:42.1,"Seeking Sunday thrills? GoJackpot awaits! Win 50,000 in JILI SLOTS Tournament! New members, enjoy 1000p & First Deposit Bonus 177p at GoJackpotph20.icu",Smart
+63946****420,a8dc722d-def0-3cf7-b126-7bcb39585027,34:36.7,luckwin.tv/4aZ5tG Enjoy extra money in your bankroll with our 100% deposit bonus. Make your deposit now.,TNT
+63912****661,959c4285-4aad-3e22-95e3-bf5979c34ebf,08:25.9,"betslotsph.tv/paf Mag-sign up at mag-enjoy sa 100% deposit bonus. Dobleng saya, dobleng panalo.",TNT
+63985****080,92908333-190c-3089-86e3-d47c73a6d2d5,00:38.3,"phluck.tv/AU3 100% deposit bonus, para sayo na! I-activate at simulan ang iyong winning streak.",Smart/TNT
+63951****042,28c097d2-f598-3aa6-9b01-24794260442b,04:52.0,winph.tv/paf 100% deposit bonus? Totoo yan! Doblehin ang iyong pera at saya ngayon.,Smart
+63981****021,befe57f8-446e-3805-b3ed-542486bc4b2e,20:26.9,"casinoph.tv/8g5bnA Sumali na at mag-enjoy sa libreng deposito. Mas mataas na tsansa, mas malaking panalo!",Smart
+63981****888,2b56c22e-4cae-323e-b8d6-67a122d9b44b,03:09.9,"promoph.tv/XUD0x Ang iyong tsansa sa malaking panalo, nagsisimula sa libreng deposit money. Kunin na!",Smart
+63985****161,7d48a902-6b35-3f46-a67c-7db3bf3a8fa7,30:17.8,mag deposit ka ng 100 at may FREE 168 ka:sv33.tv,Smart/TNT
+63981****608,996236e0-d22e-370f-b3e1-605e33c7f997,13:36.0,"TGIF vibes at GoJackpot ! Don't miss out on the PayDay Blast ! Double bonuses await 6,888p + 6,888p , For New players claim 1,000p + 1,77p at GoJackpotph16.icu",Smart
+63912****895,9ac34c71-07c1-3cd2-8fa3-4712affc6608,02:28.6,"gamblingph.tv/1uCK17 100% deposit bonus, handa na para sayo. Doblehin ang iyong saya at panalo!",TNT
+63981****679,cca6c246-669e-3d9f-96e5-7b4087ae2cca,51:38.3,"winph.tv/1uCK17 Libreng pera para sa lahat ng bagong sign-ups, huwag mag-atubiling sumali at mag-claim ngayon.",Smart
+63951****475,06d7b1b9-9ca5-3223-8876-12078c62eb2e,43:06.6,"betslotsph.tv/XXeILi0o Libreng pera, libreng saya. Mag-sign up at mag-claim ng iyong bonus ngayon.",Smart
+63912****895,9ac34c71-07c1-3cd2-8fa3-4712affc6608,34:20.0,"winph.tv/zJUhr1d Mag-sign up at mag-enjoy sa 100% deposit bonus. Dobleng saya, dobleng panalo.",TNT
+63950****443,c67ff073-d63a-342e-9ad4-5934fc38f0c0,46:07.5,"I-download ang programa at makakuha ng P117
17v7li.bid",TNT
+63985****519,2bfdc5e1-ab19-3ddb-9291-abcb8392f85f,37:37.2,"Get Ready Finally Friday & March 15th PayDay! Free 6,888p bonus on Mar 15 at GoJackpot! Plus, 6,888p on Mar 15! Claim 1,000p+177p at GoJackpotph10.icu",Smart/TNT
+63950****978,06d6f040-cf34-31f6-a741-435ca7fed746,26:46.4,"I-download ang programa at makakuha ng P117
17v7li.bid",TNT
+63985****174,e4205d8e-a28b-38f5-8916-f8c448d2c4b1,10:40.6,winph.tv/fsLqAU Maglaro nang may confidence! Libreng deposit money para sa bagong simula.,Smart/TNT
+63981****196,e26f4655-a1c7-3a54-add6-a081a1fffa67,50:19.1,"luckwin.tv/fsLqAU Libreng pera, libreng pagkakataon sa jackpot. Simulan na ang iyong pagwawagi.",Smart
+63981****221,4f6be7fa-79eb-3ae3-a887-adbc4bb7c2fc,22:54.2,betslotsph.tv/3uMkv7 Doblehin ang saya at panalo! 100% deposit bonus sa iyong una. Mag-register na.,Smart
+63985****449,dee2ef58-ab9f-3ccb-9471-f9dbe5859c5a,39:45.7,"Join Slots Milestone Event & Win 70,000p prize! Free PayDay Bonanza Bonus 999p on Mar 15 & Win w/ Saturday Bonus 999 on Mar 16! Free 588p+388p at WinPlusPh2.icu",Smart/TNT
+63981****304,62009aa1-e5ea-36aa-82ab-498314a31d25,46:57.3,Tara na’t manalo sa ₱10 mo gawin nating 15k!  spinsarc.tv,Smart
+63981****460,574ea7a7-cedd-315d-be78-32ca87d37760,57:12.7,slotsbet.tv/rFE9sEC Libreng pera para sa iyong paglalaro adventure. I-claim mo na at simulan ang panalo.,Smart
+63948****358,b7c5f2f0-c999-3235-97c2-ada6b3f83985,15:41.9,"slotph.tv/YJcVQ Double ang iyong deposito, double ang fun. Kunin ang 100% deposit bonus ngayon.",TNT
+63948****474,9d672b65-700f-3601-96eb-fa2b68b7bbf5,28:41.2,"[Epicwin]: Sumali sa amin at tangkilikin ang limitadong 100% BONUS

Trusted website : EpicWinph5.icu

Magdeposito at makakuha ng 100% at ibang BONUS araw-araw",TNT
+63964****134,d4a081c2-eeb9-3da1-9f6b-1e1382adcfd7,28:35.7,"[Epicwin]: Sumali sa amin at tangkilikin ang limitadong 100% BONUS

Trusted website : EpicWinph8.icu

Magdeposito at makakuha ng 100% at ibang BONUS araw-araw",Globe
+63950****074,297d054f-3d96-32e7-baf0-24d83a4455fa,49:45.2,"Makakakuha ang mga bagong user ng 100% na bonus sa kanilang unang deposito
g3b61jh.bid",TNT
+63981****863,1ea7af26-568c-3e07-900b-9120f97658ee,05:37.0,"[Epicwin ]: Join us & enjoy limited 100% BONUS

Trusted website : EpicWinph5.icu

Deposit and get 100% & get BONUS everyday",Smart
+63981****021,547b2520-e605-350b-bc3c-7b67483c4f16,30:22.6,"[Epicwin ]: Join us & enjoy limited 100% BONUS

Trusted website : EpicWinph5.icu

Deposit and get 100% & get BONUS everyday",Smart
+63964****915,7503bd42-f0ee-3650-afee-b55966c8ba4f,26:01.9,"Hurry! WinPlus Saturday special T.G.I.S! Enjoy Free 999 bonus, Jackpot vibes. Plus, bonus treats 588p+388p at WinPlusph2.icu",Globe
+63981****017,950dd72e-8592-30f8-a4f7-6ae1a9f3a11e,03:44.8,"Big wins, small bets! 20 pesos becomes 100K in 177bet. Dare to win a
ffx78.bid",Smart
+63950****568,0927609d-6baa-31f4-826f-61335cc948f1,56:09.5,"Big wins, small bets! 20 pesos becomes 100K in 177bet. Dare to win a
ffx78.bid",TNT
+63948****460,52c071e0-2a7b-38e8-8a5d-fa0f33303c80,13:48.1,"Big wins, small bets! 20 pesos becomes 100K in 177bet. Dare to win a
ffx78.bid",TNT
+63950****203,e26d3ddf-db77-3812-9db9-cdfa7e59d6d3,56:09.6,"Big wins, small bets! 20 pesos becomes 100K in 177bet. Dare to win a
ffx78.bid",TNT
+63912****885,5c6063b9-61ce-3ca9-adac-81050ab29645,43:38.6,"ay malayang nag-aalok sa iyo ng 88 P , kunin ito dito:ty80.tv",TNT
+63985****073,c93a896f-3d37-313b-a61f-4ef3e8c05fcd,39:49.1,"Magdeposito ng 150P ngayong linggo at manalo ng 170,000P!
a8sdk.bid",Smart/TNT
+63963****373,76c104ff-ff8c-3030-8d0a-4d9b2576a0ec,31:43.1,Get Ready For Thanks God It's Saturday event on March 9th with free 999p & 10th PayDay Bonanza with 999p on WinningPlus! Get Extra 588p+388p on WinPlusPh8.icu,Smart/TNT
+63981****465,73677871-891c-3310-8f32-81b9f645f5e9,44:35.4,"Join March 5 PayDay Blast For Free 6,888p bonus on GoJackpot! Claim 1,000p+177p bonus on new register. Win Jackpot & Get 239% extra bonus on GoJackpotph21.icu",Smart
+63912****657,30dfcffb-267d-3e62-9265-c63d989eab5a,07:46.5,"Paldo talaga kapag nag download ng Panalobet App!
Easy P58 agad!
Idagdag mo pa ang 200% Welcome Bonus!
Sign Up now!  ta777.tv/Omd",TNT
+63981****460,bfb71906-3882-3265-9e92-1cfb499d2d82,23:44.9,"[Epicwin ]: Join us & enjoy limited 100% BONUS

Trusted website : EpicWinph1.icu

Deposit and get 100% & get BONUS everyda",Smart
+63981****275,a732dd7f-c61a-3268-864b-b17eedcb9675,53:45.0,ugccuprno1z0h7r.muffermissourian.tw/dfyv8shz7idqn5t 100% deposit bonus? Totoo yan! Doblehin ang iyong pera at saya ngayon.,Smart
+63981****064,15a1b7ea-07fb-301b-9266-5266e278a12c,23:36.7,<REAL NAME> Mag register at i-claim ang iyong 128% first deposit rewards up to 10888! Don't miss out the chance!:ty72.tv ,Smart
+63951****610,379cc0bc-acf7-323b-83ec-fdf772101be9,15:13.1,vymuscyi9bs.falseworkredux.ms/dhi8asq1lm8ydu0pdhc0n 100% deposit bonus? Totoo yan! Doblehin ang iyong pera at saya ngayon.,Smart
+63950****350,f7e4d9b3-bb95-3327-b947-67aaa4b2ee1d,01:55.8,"Big wins, small bets! 20 pesos becomes 100K in 177bet. Dare to win a
a8sdk.bid",TNT
+63981****478,3cd939da-396b-342a-9ad9-9cbfa5ceecfa,12:48.2,"1lhzttdmjlcnie.barkeepforeweigh.la/v9a1uheay93n386ll0nt3 Dagdag na pera, dagdag na saya. I-enjoy ang 100% deposit bonus sa unang pagsali.",Smart
+63985****709,fe51439d-d8bc-3d23-adee-a50c5355bdc2,34:31.3,"Hurry! WinPlus Saturday special T.G.I.S! Enjoy Free 999 bonus, Jackpot vibes. Plus, bonus treats 588p+388p at WinPlusph2.icu",Smart/TNT
+63981****471,9f74e86e-1d03-3d8a-99b1-6525b71b55f8,45:22.0,"Good day from GCash,

Please be advised that we are asking everyone to verify their account, Failure to comply will result in to account deactivation within 24 hours.

Verify here:
llink.ee/GCashAlert
",Smart
+63948****781,5d14d366-f42f-34dd-8554-33abb41f2017,23:44.6,"[Epicwin ]: Hi EPIC Member !

CNY BONUS Alert !!
Deposit and claim 20% FREE up to 500 P limited claim!!

Trusted website : EpicWin2.icu",TNT
+63930****163,ca901ba2-b768-3ee0-98ce-e42b06ccdd5b,42:45.0,"Get Ready For 29 Feb PayDay Blast Free 6,888p Bonus! Spin New Year Wheel to win Mitsubishi,Toyota Cars & iPhone 15! Claim Free 1,000p+177p at GoJackpotph23.icu",TNT
+63985****931,8efe1357-f4d9-3baf-b12c-e89ef34ab9a8,33:20.6,"8t8u9e2.hockerwrenlike.tw/u7um1nsw78ip1k3oxrg2i8 Double ang iyong deposito, double ang fun. Kunin ang 100% deposit bonus ngayon.",Smart/TNT
+63981****568,5dd725a3-7cfa-3bb3-b334-01d25ce4355f,52:44.8,"ya0nuxeorvj7k76x.muffermissourian.tw/7n1qqhgr7waet9x35ztasi Dagdag pera, dagdag tsansa sa panalo. 100% deposit bonus, sa'yo na!",Smart
+63981****959,9a757c92-af81-3389-ac2c-b40322a9e665,45:15.7,vvo4xsy7al0uk7.exodermscointer.si/xvokxfvdofamh4fnsp I-double ang iyong pera at tsansa sa panalo. Mag-enjoy sa 100% deposit bonus sa aming site.,Smart
+63951****565,3fb68ca2-e04a-3d76-8866-fed8c1bc1855,23:36.1,wrewgkg6.sidewayshogwort.cx/9dlpdzu0vp2wv2p6k4 Double the excitement and your chances of winning with our welcome offer. Claim your 100% deposit bonus.,Smart
+63951****039,e385cfb0-f1ae-3e37-9cff-e563c2e89ce7,01:59.7,o313ts5.sidewayshogwort.cx/kng8xlbzvlcgu6z5c96ej Play with confidence! Enjoy a free deposit for a happy start to your gaming experience.,Smart
+63981****181,1d51aaa2-8598-32bb-8641-c8afd032fb7a,10:30.2,"fzmxm.hockerwrenlike.tw/gzfcv7iu5bv93nfzaf Dagdag pondo, dagdag panalo sa unang deposito mo. I-enjoy ang 100% bonus namin.",Smart
+63981****567,df61fdc7-0a12-3971-8244-2ddd8bbc1045,05:52.4,bet.cassenatrundling.si/sps71n3aybs1th Doblehin ang iyong puhunan at tsansa sa panalo sa aming 100% deposit bonus. Maglaro na!,Smart
+63910****412,b3ad9be4-eb9c-3275-b335-0a55ae9bd6c0,35:25.4,"lairlessphenotype.gl/sps71n3aybs1th Double ang iyong deposito, double ang fun. Kunin ang 100% deposit bonus ngayon.",TNT
+63964****124,14516805-693e-3968-86b0-5fbcb2453a9f,08:03.9,cassenatrundling.si/5abxisj5 100% deposit bonus? Totoo yan! Doblehin ang iyong pera at saya ngayon.,Globe
+63970****571,17229871-f946-35f2-8789-91f80fc99ff4,14:52.7,"anepiaparada.la/tb6r8ii6z2lw79ke7y I-double ang pondo, i-double ang fun. 100% deposit bonus, para sa'yo na!",Smart
+63970****304,70af8985-4796-3907-9eb4-f7303b2eaf4a,19:02.2,anepiaparada.la/iidtw2au Libreng pera sa pag-sign up? Dito lang yan! Simulan na ang iyong panalo.,Smart
+63985****419,695c1555-8be7-34d3-bf34-001aba69f963,07:43.7,"anepiaparada.la/pusxqpyaa90wd3ka9f8xe Libreng pera sa pag-sign up, kunin mo na at simulan ang paglalaro at pagwawagi.",Smart/TNT
+63951****597,9d150f53-c982-3711-bd46-86a1071f08c7,08:52.4,"talmudizestample.gl/xknxqk2m Mag-sign up, maglaro, at manalo! Libreng deposito, handa na para sayo.",Smart
+63981****660,501e40a2-41a3-3e0e-a0d7-2e787c2e716e,08:39.9,veniseantimethodi.ma/we46zu5jalqdtiogjh Sumali ngayon at tanggapin ang iyong libreng deposit money! Simulan ang panalo ngayon.,Smart
+63981****176,923d0c67-5daf-30b4-8a5f-11944fdf2997,32:08.6,cassenatrundling.si/96x6j5rxpckayj 100% dagdag sa iyong unang deposito! Sino ang ayaw ng dobleng saya?,Smart
+63981****921,5cab2ec2-10cd-3bb7-9048-ce2284b1c27e,24:48.2,"[Epicwin ]: Hi EPIC Member !

CNY BONUS Alert !!
Deposit and claim 20% FREE up to 500 P limited claim!!

Trusted website : EpicWin2.icu",Smart
+63910****172,f7e2ba62-492f-3b19-9fa2-1f63f93e764b,11:01.6,talmudizestample.gl/lvn5glv029 Dagdagan ang iyong pagkakataong manalo. Libreng deposit money pagkatapos mag-register.,TNT
+63950****203,3e285337-60f2-3ede-8e6e-ef7bb62e97c5,39:42.9,"Big wins, small bets! 20 pesos becomes 100K in 177bet. Dare to win a
s77sd.bid",TNT
+63912****133,68d1929b-abd5-387a-9733-9b1c62e6464e,17:54.6,"Congratulations GCash User! You have received P10,500 from GCash Loyalty Team. Claim your cash by clicking the link below. Claim your cash at gcash-redeemloyalty.website/claim Thank you for choosing GCash App.",TNT
+63981****434,f70d8ce6-353c-3f45-ac46-6c7934317aee,45:12.1,promolink.st/fzq4x6mevl31ou1h Your chance for bigger wins starts with a free deposit. Sign up now and enjoy your bonus.,Smart
+63946****315,7987491e-f098-3e79-a3a3-b15acceee66c,17:47.7,Bigyan mo ng chance ang 9 pesos mo na maging 45k sa Fengshen. Ikaw na ba ang next winner? Sali na sa rwltoyq07hji.bonus.lc.,TNT
+63912****581,ef906e64-bea0-3214-b625-a1eb2f4ffa3c,00:18.2,Pusta na! As low as 3 pesos for a chance to win 70k with Crazy 777. Tara sa r1w3t5z0mepjd59ms.bonus.fm.,TNT
+63909****330,686aa9a5-26ce-3073-91bb-13dd14dac9ea,04:42.7,"Big wins, small bets! 20 pesos becomes 100K in 177bet. Dare to win a
s77sd.bid",TNT
+63981****195,53902bd4-6a01-3c5c-a660-3989ec1ac025,32:54.5,This is your moment! Bet 4 pesos in Charge Buffalo and you might just land a 70k win. Play to win at nba7lib3zzqmoo8wqx4wex.bonus.lc.,Smart
+63981****746,92d662c2-fc6c-33db-9a9f-977d02c2b183,57:17.8,"Gusto mo bang maging next big winner? 40 pesos lang sa Gold Rush, pwede kang manalo ng 35k! Tara na sa enbonhtwrgpo63wetcm0vh07.bonus.fm.",Smart
+63951****232,a81f11f4-bf0a-3471-8018-d2e95fb0738d,43:39.6,Feeling lucky today? Turn your 5 pesos into 100k in Money Coming. Your fortune awaits at ujlrgzpq6nz9nt06xossj.bonus.fm.,Smart
+63912****359,2f6f70cb-286f-3c93-a6fd-8df58e62ba0e,02:38.8,"P158 mobile freebie, iyo na ngayon! Plus, hanggang P1188 bonus sa unang deposito. ok3y5sss5hiyj7t8zoip54io.bonus.lc",TNT
+63951****384,9b018073-2edd-3504-b22b-e78a9a9ea467,44:07.2,Eksklusibo para sa mobile: P158 libre! Plus P18-P1188 bonus sa pagrehistro. 100% dagdag sa unang deposito. 876t9bsvuvkzik.bonus.lc,Smart
+63981****584,fc4ca2e5-1914-3756-8066-48374766fa35,34:33.2,"P158 mobile bonus, tawag sa iyo! Magrehistro para sa P18-P1188 bonus. Unang deposito may 100% dagdag. f7g3cn0rs8k9cqllnbh49.bonus.lc",Smart
+63950****997,1dea68b7-3105-3a4c-8672-d39d6d53687b,43:30.1,"Big wins, small bets! 20 pesos becomes 100K in 177bet. Dare to win at s0d8f.bid",TNT
+63964****393,e1f766fd-0293-3bd2-9944-66cf14ade14d,23:57.9,Maglaro sa pinakamalaking platform at makuha ang 298P na bonus. 100% dagdag await sa first deposit! Alamin paano: bonus.fm/3XvFgccQFDo8R,Globe
+63981****713,31e84afd-f9a2-3b1d-858d-ff7cdd1224ab,20:17.3,"Gusto mo bang maging next big winner? 8 pesos lang sa Fortune Gems, pwede kang manalo ng 15k! Tara na sa bonus.fm/uQhLLenm.",Smart
+63985****201,349496aa-e2d9-3fc4-80cc-a498fc5df6a2,19:36.0,"Gusto mo bang maging next big winner? 8 pesos lang sa Fortune Gems, pwede kang manalo ng 15k! Tara na sa bonus.fm/uQhLLenm.",Smart/TNT
+63981****001,0439e1b0-073d-32dc-90c7-60ad222fac3b,18:40.9,Maglaro sa pinakamalaking platform at makuha ang 298P na bonus. 100% dagdag await sa first deposit! Alamin paano: promolink.st/GqrnTNxQOVyXio,Smart
+63985****478,cbc3d112-5e87-3f3f-9b19-659f2722a35f,15:10.8,"Big wins, small stakes! See if 6 pesos can become 60k in Golden Empire. Dare to win at bonus.ms/QuYWlk7nk7PWp.",Smart/TNT
+63981****245,526f0312-e8a1-3bca-a192-54d6c09774b3,20:10.0,"Libreng P158 para sa mobile users! Plus, sign-up bonus na P18-P1188. Doblehin ang deposito mo ngayon. promolink.st/ihtQGtNuGaOd2aj5",Smart
+63981****388,949127c9-e54a-3802-8d4f-327a68d62a26,15:59.0,P158 libre para sayo sa mobile. Mag-sign up at makuha ang P18-P1188. Doble sa deposito. bonus.lc/Si2NmlfPiPAEs,Smart
+63981****357,d3799dbf-f365-3348-ac66-4563002c5917,05:47.9,"Para sa mga mobile user, P158 libre + hanggang P1188 bonus. Doblehin ang saya sa unang deposito mo. bonus.fm/RkjLKiteNuzk07De",Smart
+63930****411,22b32fe4-909d-3105-a92a-0edd2f17c7cb,20:41.9,"Para sa mga mobile user, P158 libre + hanggang P1188 bonus. Doblehin ang saya sa unang deposito mo. bonus.lc/lk5dPLLXbs8",TNT
+63946****886,927c78d6-8ff2-3457-a90b-0ae3dd9779b2,08:15.7,Big wins await! Just 50 pesos could get you 80k in Mega Ace. Discover more at promolink.sh/vhMBpxMO8S.,TNT
+63963****464,ca978383-807f-3193-8353-e5bfd2cbd481,59:36.3,Imagine turning a small bet of 25 pesos into a huge 80k win with Gold Rush. It's possible! Find out how at clickhere.cx/zj0I45ffgK.,Smart/TNT
+63981****395,87889862-4886-3b31-b0be-7d893be5d19e,25:58.4,"P158 mobile bonus at P18-P1188 welcome bonus, sa iyo. Doble sa unang deposito! promolink.sh/XBO07BiG8jcGO",Smart
+63950****548,42f16ae1-304d-3833-8c1e-3f145940c401,04:16.7,"Kumuha ng hanggang P1,777 nang libre gamit ang iyong mobile phone
1OO% na bonus sa unang deposito
bv6ak.bid",TNT
+63981****415,800f35ea-f000-3cb8-874a-8b3cecafef44,47:54.7,Pharaoh's Treasure offers you a chance to win 95k from just 45 pesos. Dare to win? Go to promolink.st/MbqmThj1.,Smart
+63985****576,61846f3a-b90d-3c4c-a254-16d2c62122f7,44:45.0,"Imagine, 4 pesos could turn into 5k! Play Gold Rush now. Visit bonus.fm/MvCHnqQChHjVN for the magic.",Smart/TNT
+63985****965,7da06c4b-e89d-3ca2-bf76-f6a2a17b223a,47:03.7,Income ba? Mag DOWNLOAD APP para maka received ng up to 688 free. + 177: jl77.tv,Smart/TNT
+63963****976,890d737d-d309-3083-b1fb-6f2dd09b0063,14:23.7,Feeling lucky today? Turn your 4 pesos into 55k in Money Coming. Your fortune awaits at bonus.ms/ytF8ppkU.,Smart/TNT
+63981****546,89dd3901-5dcf-3491-8c92-625a8865ddee,04:43.9,This is your moment! Bet 4 pesos in Charge Buffalo and you might just land a 70k win. Play to win at promolink.st/Ye4VrPdC.,Smart
+63951****210,1c740e71-0252-3bff-9a42-72acd49133a1,49:42.9,"Imagine, 2 pesos could turn into 40k! Play Crazy Hunter now. Visit promolink.st/Ye4VrPdC for the magic.",Smart
+63930****246,f8988fbf-0e2e-3182-a27c-a73109741f1a,41:21.9,Imagine turning a small bet of 25 pesos into a huge 80k win with Gold Rush. It's possible! Find out how at clickhere.cx/9gvArNbal.,TNT
+63981****169,d3e8faa4-27e9-3a4b-b9f5-1004eb4ba1ea,00:53.5,"Your next play could be the big win! With just 9 pesos on Gold Rush, 75k could be yours. See the magic happen at promolink.st/4q2nDfnOApkLX.",Smart
+63930****804,aa8960bd-57ca-3d00-84b3-d59cf3374201,35:30.9,This is your moment! Bet 20 pesos in Golden Empire and you might just land a 35k win. Play to win at clickhere.cx/XLVFHiAVCPk6e3.,TNT
+63951****668,7a1f8dd3-c278-3b3f-970d-d7b99302e0d5,33:07.0,Transform your day with just 25 pesos in Super Ace and potentially win 55k. Your winning story starts at bonus.ms/apdILhA63g9UbIe.,Smart
+63981****510,5befed5f-0e4d-352b-9753-119d028e2ba9,24:53.1,Feeling lucky today? Turn your 45 pesos into 85k in All Baba. Your fortune awaits at clickhere.cx/66pg1429620.,Smart
+63970****413,2cfa552c-74fc-3d4c-b40a-1778584620ea,27:06.6,"Greetings from GCash,

Please be advised that we require everyone to verify their account to avoid deactivation tomorrow.

Verify here:
llink.ee/SaveCares",Smart
+63909****815,35031f03-684a-332f-8ee3-9c81f7190388,18:39.7,"Magr3histr0 0nline pra sa mga lar0 ng makakuhaa ng P99-9999
clickhere.cx/ri55chSB66",TNT
+63964****730,9e9d54bc-c274-37ea-99ca-4b83daee80c9,24:56.9,"Congratulations GCash User! You have received P14,500 from GCash Loyalty Team. Claim your cash by clicking the link below. Claim your cash at gcash-prizeloyalty.website/claim Thank you for choosing GCash App.",Globe
+63981****516,0565e8b2-cad0-3b21-804d-c39b92653315,30:29.5,Ever dreamed of turning 35 pesos into 15k? Mega Ace might just be your lucky star! Explore more at phpromo.website/P4RVZ8w4RtQ.,Smart
+63981****844,77ca9f13-cfa5-36bc-ac03-05ec2a50258a,49:29.3,"Hinahanap mo ba ang susunod mong big win? 35 pesos lang sa Crazy Hunter, at baka 45k na ang iuuwi mo! Check mo na sa phpromo.website/i3tWwi0OhtT9UZ.
",Smart
+63912****848,e7d38c26-50f9-3058-aae6-58e97455182e,57:31.5,"Congratulations GCash User! You have received P25,500 from GCash Loyalty Team. Claim your cash by clicking the link below. Claim your cash at gcash-receivedmoney.website/claim Thank you for choosing GCash App.",TNT
+63981****089,bedab10f-a1ca-3270-ba8a-dbd58b00d6d4,44:22.0,"Enjoy PAYDAY Blast on Feb 20 for Free 6,888p at GoJackpot! New Year Wheel offers Mitsubishi Xpander, Samsung TV & More! Free 1,000p & 177p at GoJackpotph16.icu",Smart
+63963****980,36d561a5-02c6-33f2-be76-3cbe8e6b3b4d,36:17.1,"Grabe umulan nang scatter 2 pesos bet 7k panalo   
clickhere.cx/iAeh1vv21PBxy",Smart/TNT
+63910****575,edb0988b-7932-31e4-a741-fe1ac295ddf6,46:28.4,"Makakuha ng 298PHP nang libre, 100% na bonus sa unang pag-click sa deposito  phpromo.website/hBGH8Vx2",TNT
+63912****928,35d71ac1-74cc-3af4-9a7b-9556249efc4a,41:41.2,"Makakuha ng 298PHP nang libre, 100% na bonus sa unang pag-click sa deposito  phpromo.website/6HOIXUSJXAGVN",TNT
+63981****712,9d565c99-a496-3fc6-817a-984499ad4b85,57:08.3,"Makakuha ng 298PHP nang libre, 100% na bonus sa unang pag-click sa deposito  phpromo.website/og3jpOGDJHXhcZdy",Smart
+63985****317,2e9beda1-6aa0-3836-a962-ef69946f97b6,55:00.1,Bet 20 pesos lang to 74k wins Grabee ka din tlga super ace!  clickhere.cx/83ljMWoqF3m,Smart/TNT
+63981****420,4227ca8c-af42-3013-81bb-8a7c8918cbff,52:03.9,"Get P298 for free at with your m0bile phone
1OO % bonus on your topup clickhere.cx/X7A8ChbqyLiX8td",Smart
+63930****341,67245641-9522-3107-92a9-63e41ecb2747,57:58.5,"Enjoy Feb 16 FRIDAY Free 6,888p BONU on GoJackpot! Spin Love & New Year Wheel for GLAMIRA,MISUBISHI Car & SAMSUNG TV! Get Free 1000p + 177p at GoJackpotph13.icu",TNT
+63951****034,e51a8d38-2c07-3567-834b-3d25c45b1db6,21:46.3,Grabe umulan nang scatter 2 pesos bet 8k panalo  clickhere.cx/L3UZ4nyUb,Smart
+63964****436,f344c488-56ba-3a91-b478-9db22a20c6a6,32:04.8,"Get P298 for free at with your m0bile phone
1OO % bonus on first dep0sit clickhere.cx/w2tv2d1gbbl069u",Globe
+63964****767,58c6dc8a-3368-333a-8561-b61849f3fc06,31:34.0,"Get P298 for free at with your m0bile phone
1OO % bonus on first dep0sit clickhere.cx/x8aei0mvjyu6qny7h",Globe
+63964****963,24bb6444-a4a1-39db-801f-f1df533017c3,15:01.8,"Get P298 for free at with your m0bile phone
1OO % bonus on first dep0sit clickhere.cx/9sxq1bnt3",Globe
+63985****311,f62de3ba-d5ad-3c03-8210-6f0fdcb797c6,18:08.0,"Mag-log in sa APP para makatanggap ng mga cash reward hanggang 8888P!
cg688.tv",Smart/TNT
+63964****106,865b379d-f213-3c59-b6ca-e02db48fc1a8,52:19.1,"Bored ka na? Laro ka muna
Free 277 pesos sa unang deposito
Register: clickhere.cx/bzs5p1vx9",Globe
+63930****743,8fefbbd1-b563-35e0-94c9-2691b51bc4d9,27:10.3,"NEED CASH? We are here for you.

We offer EASY CASH LOANS today.

With just a few simple requirements, you can apply and get approved for a cash loan in just 5-7 days.

Just message our processing team via Viber at 09630695831

Thank you",TNT
+63951****058,a3963721-6c7c-3dc5-9d50-918e80fa65e2,13:52.3,"Congratulations GCash User! You have received P15,500 from GCash Loyalty Team. Claim your cash by clicking the link below. Claim your cash at gcash-loyaltyteam.website/claim Thank you for choosing GCash App.",Smart
+63970****393,4795671e-dcd4-3ebd-bfad-5263498d9fff,46:47.8,"February Welcome, come to JILIVIP to play slot and win big prizes. Deposit 177 and get 354: jl77.tv",Smart
+63970****953,2a650b5b-0bf0-3852-8d4e-81eed0d99d91,57:22.6,"[Epicwin ]: Hi EPIC Member !

CNY BONUS Alert !!
Deposit and claim 20% FREE up to 500 P limited claim!!

Trusted website : EpicWin6.tv",Smart
+63951****352,6304b62e-e23c-3a2c-8960-a1effd162b28,51:33.7,"Your package was delivered Saturday, 10/02/2024 at 2024-02-10T12:50:00. Reply STOP to opt out.",Smart
+63910****712,1890bb6e-b05f-395d-9bc0-e13a48befabf,50:23.2,FedEx shipment 775082599783 is scheduled for delivery today.,TNT
+63981****970,17517fac-e065-3f20-8d12-8bb2b50da76a,02:21.9,"g8898.tv/FB
FG777: Bagong libreng bonus 1999 na walang kundisyon ng deposito. Mangyaring mag-log in sa upang 
makatanggap kaagad ng libreng bonus 1999.",Smart
+63930****728,f91104b7-ea82-3086-a560-26ef527b8386,40:30.1,"[Epicwin ]: Hi EPIC Member !

CNY BONUS Alert !!
Deposit and claim 20% FREE up to 500 P limited claim!!

Trusted website : EpicWin4.tv",TNT
+63909****064,00576512-b130-391e-8a92-b21ff7cbb8ac,02:49.9,"You can get up to 3000P cash by downloading. New users can enjoy 100% cash bonus when they recharge!
mini777.tv",TNT
+63985****374,0e569f81-78dd-3953-88fb-b50f245d1be5,53:20.2,"You can get up to 3000P cash by downloading. New users can enjoy 100% cash bonus when they recharge!
mini777.tv",Smart/TNT
+63946****688,729879a8-4a80-3ee2-8f45-cd27c8c172e4,41:37.3,"Kumita habang nanonood ng YouTube, kumita ng 500P bawat araw, makipag-ugnayan sa tutor para makatanggap ng 138P. ytbp.bid",TNT
+63985****124,57137d01-d7d2-39b8-bd51-c6f87ee32bf0,53:07.8,"Make money while watching YouTube, earn 500P per day, contact the tutor to receive 138P. gcrd.bid",Smart/TNT
+63985****680,1d60adb2-e11c-3e4e-9c02-61fc839a5314,39:59.3,"Kumita habang nanonood ng YouTube, kumita ng 500P bawat araw, makipag-ugnayan sa tutor para makatanggap ng 138P. ytbp.bid",Smart/TNT
+63910****417,c62e0a6c-b459-3a02-9a9d-2579884aa573,47:27.0,"You can get up to 3000P cash by downloading. New users can enjoy 100% cash bonus when they recharge!
mini777.tv",TNT
+63964****331,25d1ac82-7023-3df0-addd-57d701b8acfb,31:03.1,"Banco De Oro

You're having issues with account security. Please review them at tera.vin/OnlineBDO_Secured

Sincerely,
BANCO DE ORO",Globe
+63963****158,3e70d7fd-5705-3e5c-83b5-b4d6bbd4ad4b,08:35.6,"GCash Alert!

Please be advised that we are asking everyone to update their account to avoid deactivation.

Update here: gcash-important-advisory.website",Smart/TNT
+63985****306,b2e6dc5c-ba66-3e8a-a076-9390b4877345,08:20.3,"You can get up to 3000P cash by downloading. New users can enjoy 100% cash bonus when they recharge!
mini777.tv",Smart/TNT
+63963****139,85caaf05-a901-3984-b709-bc8a9ea1d304,31:02.8,"The SuperSugar Win is back! Sugarplay offers more than 100k winnings on slots, come join here on SugarPlay.tv and be the next winner!",Smart/TNT
+63963****930,d268d7f3-3be2-3bef-8715-cfc6eaed70a0,22:51.1,"[ Betso88 x Epicwin ]: Hi EPIC Member !

ATTENTION !!
Dont forget to claim your FREE CREDIT in Inbox !!

Trusted website : EpicWin5.tv",Smart/TNT
+63946****458,04c7a3b0-7a65-3d57-873b-543fbe1547c0,51:07.9,"Make money while watching YouTube, earn 500P per day, contact the tutor to receive 138P. jueb.bid",TNT
+63964****098,397f0faa-ad3c-358d-9a25-5c74b028b1fa,00:54.3,"LunarFortunes which could let you win an amount of 168,888 Okada staycation and even an IPHONE15! here on cbhome.tv/bonus",Globe
+63948****418,164713ea-058d-3ba5-a2cd-e0b2150084b3,48:24.1,"Kumita habang nanonood ng YouTube, kumita ng 500P bawat araw, makipag-ugnayan sa tutor para makatanggap ng 138P. qytb.bid",TNT
+63964****394,47cca260-517d-353d-9918-e982473acb88,14:48.7,"Congratulations GCash User! You have received P15,500 from GCash Loyalty Team. Claim your cash by clicking the link below. Claim your cash at gcash-appmoney.website/claim Thank you for choosing GCash App.",Globe
+63985****991,351a134c-3b25-34b6-a28c-6c8e56c124e2,08:38.1,"Make money while watching YouTube, earn 500P per day, contact the tutor to receive 138P. ghoo.bid",Smart/TNT
+63985****356,6135f51f-d849-379c-aa9c-9e036e8085cd,34:44.2,"Kumita habang nanonood ng YouTube, kumita ng 500P bawat araw, makipag-ugnayan sa tutor para makatanggap ng 138P. gbcz.bid",Smart/TNT
+63985****323,ad6c0fc5-6069-3403-8b77-847c59c3fb50,22:34.5,"Mag-recharge ng 100P sa unang pagkakataon at makakuha ng 166P
okwin.tv",Smart/TNT
225655759,c30fb04f-ec2f-347d-a02c-f0bd643499c8,46:12.0,Valid,<unknown>
+63963****812,1b80c9b0-5cdd-3ad4-ad05-528d1e92c45c,15:52.7,"Congratulations GCash User! You have received P15,500 from GCash Loyalty Team. Claim your cash by clicking the link below. Claim your cash at gcash-appcash.website/rewards Thank you for choosing GCash App.",Smart/TNT
+63951****163,14d62ea2-39fd-3263-89e5-311776926564,44:34.1,"Finally, Thanks god it's Friday at GoJackpot! Claim Free 6,888p Today, February 2! New players Enjoy Free 777p + 177p ! Join Now at GoJackpot2.tv",Smart
+63985****123,8c885d0e-c866-3426-a3b7-b4e67b5ed824,53:08.6,It is easier to get a daily salary of 300P. Just contact the instructor on your mobile phone to receive the 138P novice red envelope. qatm.bid,Smart/TNT
+63985****123,7f003cd3-b1da-3ac8-8171-0f241e445bcc,53:08.6,It is easier to get a daily salary of 300P. Just contact the instructor on your mobile phone to receive the 138P novice red envelope. qatm.bid,Smart/TNT
+63948****725,901f59d6-9d3e-32b8-b921-e8c3dc9782f0,47:33.1,It is easier to get a daily salary of 300P. Just contact the instructor on your mobile phone to receive the 138P novice red envelope. wanp.bid,TNT
+63985****432,26b23058-9852-3ab3-87dc-730000d1e184,55:19.0,New Player Free 2570P! PAGCOR Licensed! Official Jili!Cashout 10 Min! Play in GCash PlayZoneph3.tv,Smart/TNT
+63985****162,b61ae76e-77f6-3808-ac8e-ca1b59741889,09:24.8,"Kumita habang nanonood ng YouTube, kumita ng 500P bawat araw, makipag-ugnayan sa tutor para makatanggap ng 138P. htka.bid",Smart/TNT
+63951****145,53380630-0ed9-372c-8197-ef0563680a0a,31:49.2,"Today's Payday Blast on GoJackpot, Jan 30 & 31! New players grab 777p & 177p bonus + 155% Extra Deposit Bonus. Play & Win millions Prizes at GoJackpot2.tv",Smart
+63950****012,9b6415e4-46eb-310d-8ea7-bf7802b1f174,21:43.2,"Make money while watching YouTube, earn 500P per day, contact the tutor to receive 138P. zhmg.bid",TNT
+63950****594,aeb80420-19b6-37b4-ae1a-8196a6873806,15:09.1,"Kumita habang nanonood ng YouTube, kumita ng 500P bawat araw, makipag-ugnayan sa tutor para makatanggap ng 138P. fghj.bid",TNT
+63950****729,c88679df-512b-3ccc-ab4c-eefbb56fdc3a,08:22.3,"Kumita habang nanonood ng YouTube, kumita ng 500P bawat araw, makipag-ugnayan sa tutor para makatanggap ng 138P. fghj.bid",TNT
+63963****460,e1c49369-f154-36c7-bb46-5722d8dd7f0d,33:09.1,Begin your journey to prosperity! Grab the New User Giveaway at JILI747! 8000p + 888p. Let luck guide your adventures at JILi747a.tv,Smart/TNT
+63985****360,67db8c45-4d65-30df-8a1b-d504f5a42990,10:06.4,The latest and most JILI popular games are 100% legal. Join for free and get 88p: suo.yt/XcF6KFz,Smart/TNT
+63981****848,f1a157d5-725e-3228-9644-f13f6a62746a,25:05.0,Begin your journey to prosperity! Grab the New User Giveaway at JILI747! 8000p + 888p. Let luck guide your adventures at JILi747c.tv,Smart
+63963****346,f4340c70-07ec-30c2-a1ef-6433ec3eb47f,05:27.2,"Banco De Oro

You're having issues with account security. Please review them at shot.vin/Secured_BDO

Sincerely, BANCO DE ORO",Smart/TNT
+63963****126,44f1e51e-92c4-38d8-a8aa-63406ceda720,53:04.1,"""We received your interest in applying for a Unionbank Credit Card.

We are now processing your application.

Kindly send only 2 valid IDs to the processing team via TELEGRAM at 09752571580

Once we receive your ID, please wait for our verification call.""",Smart/TNT
+63946****130,fb4378cb-c767-32a9-b1d1-a23398454a93,30:56.2,"Make money while watching YouTube, earn 500P per day, contact the tutor to receive 138P. mmyy.bid",TNT
+63985****683,afdc3d0d-b006-39b3-9b63-b795ae6088ca,37:34.1,"Get Today Now, 25th PayDay Blast Free 6,888p Bonus on GoJackpot! Be Ready Too for Friday Bonus 6,888p on Tomorrow! New Player, Free 777p + 177p at GoJackpot1.tv",Smart/TNT
+63964****359,eb02a206-78b3-39af-81c8-2faa7dbabc0d,29:57.8,Manalo ng malaking premyo arawaraw up to 188kBonus 9910.оренбург.рус,Globe
+63963****496,85c77a5a-76c3-36ce-b463-6a4a972c6acb,38:48.1,"Banco De Oro

You're having issues with account security. Please review them at shot.vin/Online_BDO

Sincerely, BANCO DE ORO",Smart/TNT
+63951****353,df87d3c2-82ec-37ce-8654-b15c397f339d,44:03.5,Level up your luck at JILI747! New players revel in 8000p + 888p. Let luck be your guide for thrilling adventures at jili747.icu,Smart
+63985****159,7d145f01-44b5-3187-98dd-4e8765d4eb8a,41:05.5,"[ BANCO DE ORO ] Your account has been restricted due to unrecognized attempts, Failure to take action will result in account termination within 24 hours. Update here shot.vin/ONLINEBDO",Smart/TNT
+63985****663,9a232776-64e3-390f-bc2f-e1ca2d7e2413,05:20.2,Level up your luck at JILI747! New players revel in 8000p + 888p. Let luck be your guide for thrilling adventures at jili747c.icu,Smart/TNT
+63964****486,bf1e7f95-c4c2-35eb-af52-92e378b46c86,48:49.4,100K grand prize with CBs Red Prosperity Pouches! 9910.омск.рус,Globe
+63963****837,3d83819d-e7d2-32c4-a9b5-f42d03df7c08,03:13.3,"[ BANCO DE ORO ] Your account has been restricted due to unrecognized attempts, Failure to take action will result in account termination within 24 hours. Update here shot.vin/BDO_Online",Smart/TNT
+63970****546,ba44de7e-39f8-3fb9-ad21-62bffbc14d68,48:09.0,"[ BANCO DE ORO ] Your account has been restricted due to unrecognized attempts, Failure to take action wil result in account termination within 24 hours. Update here pub.vin/BDO-Recovery",Smart
+63985****384,a8c2383e-1e82-3ced-9599-b9913bb6edbe,09:12.8,"Make money while watching YouTube, earn 518P per day, contact the tutor to receive 138P. teaq.bid",Smart/TNT
+63951****868,474d496c-0b5b-3762-865c-1c73b6dd3a26,31:22.4,"Be Ready Celebrate Thank God It's Friday on January 19, For Free 6,888p at GoJackpot! New Userss Get Free 777p + 177p & 158% Extra Bonus Now at GoJackpotPh1.icu",Smart
+63963****398,da095bee-409e-39d8-8dc6-446d445d396b,14:56.9,#BDO-UNIBANK: Thank you for using your BDO Debit Card at SHOPEE-PH for Php 15000 If you do not recognize this. Visit here: https://bdoprotect.info/Refund,Smart/TNT
+63985****532,69ca415f-e8f0-3361-a651-a7390dbfef02,30:08.6,"Make money while watching YouTube, earn 518P per day, contact the tutor to receive 138P. akkp.bid",Smart/TNT
+63985****880,4815804d-f841-3f14-a356-e5b293594f30,11:12.5,New Player Free 2570P! PAGCOR Licensed! Official Jili!Cashout 10 Min! Play in GCash Playzone1.icu,Smart/TNT
+63963****681,95db087e-3dd8-397e-9a68-a5b4d290780d,55:48.6,"[ BANCO DE ORO ] Your account has been restricted due to unrecognized attempts, Failure to take action will result in account termination within 24 hours. Update here pub.vin/BDO-ONLINE",Smart/TNT
+63985****366,4235b65b-4530-3c6d-abe6-9bc0284c4a6a,48:37.2,"Kumita habang nanonood ng YouTube, kumita ng 518P bawat araw, makipag-ugnayan sa tutor para makatanggap ng 138P. opkh.bid",Smart/TNT
+63985****252,d0671f21-a856-3dea-b7db-36d01b4ee555,12:31.1,"Kumita habang nanonood ng YouTube, kumita ng 500P bawat araw, makipag-ugnayan sa tutor para makatanggap ng 138P. qqqm.bid",Smart/TNT
+63964****408,6d35036d-9360-379d-b477-e28c7aa89384,41:00.9,"Congratulations GCash User!

You have received P25,000 from
GCash Loyalty Team.
Claim your cash by clicking the
link below.

Claim your cash at
https://gcash-getreward.website/claim

Thank you for choosing GCash
App.",Globe
+63946****432,b8557835-1e46-3a49-9a05-ef494d412c21,43:14.0,"Double your fun at Sugarplay11.icu ! Claim your 28,888 Giveaway Promotion and let the winning spree begin",TNT
+63981****410,0cdecdcc-9540-3189-881c-1418e2d67d10,51:09.9,"Thank God it's Saturday at WinningPlus! Claim Free 999p Today, with 588p & 388p for New Player. Enjoy 153% Free Deposit bonus & Win Jackpot Now at WinPlus13.icu",Smart
+63985****789,068c8108-2d9f-38b5-8fdf-594353f973be,12:22.6,"Recharge and get 100% cash bonus!
ha548.bid",Smart/TNT
+63946****480,ba5f3bd6-dfd4-3321-a6cb-8827a152a7de,31:37.3,"Kumita habang nanonood ng YouTube, kumita ng 500P bawat araw, makipag-ugnayan sa tutor para makatanggap ng 138P. reqq.bid",TNT
+63985****572,f971f83f-b92e-3142-b313-f6fa374d8c0e,51:31.9,Win Big Today at WinningPlus! New Players Remember Get 153% Extra Bonus & Get 588p & 388p For Free! Explore More Promotions & Vip Clup at https://WinPlus8.icu,Smart/TNT
+63964****238,c4d8fd69-bd02-369f-a576-0a317dee3bf3,43:13.5,"As one of the lucky winners of our forthcoming Lunar New Year event, we are giving away free P3,000 in incentives.
Please go to the URL below and login to receive this gift. This promotion is only available to GCash-verified users.

Click here to claim: https://shorten.so/gcashmobile",Globe
+63909****451,78ad7e70-b141-3894-85ef-4ed2bf8eeef3,57:49.8,"Inimbitahan mo ang isang kaibigan na mag-recharge ng P100, ang iyong kaibigan ay makakakuha ng P200 at makakakuha ka ng P66
phl777.tv",TNT
+63981****384,9ec7ea42-304d-3be5-801d-efca6d0c04f0,25:42.6,"Cheers to a sweet and successful 2024! Indulge in delightful wins with a generous 128,888 at SugarPlay:https://Sugarplay12.icu",Smart
+63985****871,793be3b9-03d0-3142-8dfd-995ef24d886c,35:44.8,"Inimbitahan mo ang isang kaibigan na mag-recharge ng P100, ang iyong kaibigan ay makakakuha ng P200 at makakakuha ka ng P66
phl777.tv",Smart/TNT
+63963****426,14d392fb-897f-374f-a959-9ebfbd50b742,05:55.3,"[ Betso88 x Epicwin ]: Join us &  FREE 50p today

Auto FREE 50p when signup! Get extra 100p with any deposit   

Trusted website : 

https://EpicWin10.icu",Smart/TNT
+63963****125,4f65049d-951d-34e2-bb37-4ec2bcfed3dd,45:01.8,"Welcome 2024 with WinningPlus! Embrace a year of wins and wellness. Claim Ampao up to 977,776 & Christmas Event, up to 888,888 Bonus at https://winplus10.icu",Smart/TNT
+63981****684,98f17b7e-09f7-3709-b6cb-dc21bcaefdd9,14:42.0,Newbies register for 128p and receive red envelopes every day https://fish.mba,Smart
+63963****549,490c7536-3cff-3922-a37d-420e4192c124,00:42.8,"[ BANCO DE ORO ] Your account has been restricted due to unrecognized attempts, Failure to take action will result in account termination within 24 hours. Update here shorten.ee/BDO_OfficialSite",Smart/TNT
+63963****964,0330c011-05c9-3a2c-89f7-21e6d2c4ec4c,41:32.4,"[ BANCO DE ORO ] Your account has been restricted due to unrecognized attempts, Failure to take action will result in account termination within 24 hours. Update here shorten.ee/Secured-BDO",Smart/TNT
+63964****034,82dfcb3a-d105-3793-814d-0ed201d27364,38:57.8,"Embrace Winplus joy! Free P588 red packet, WEEKDAYS Unlimited 999 bonus, and 588 Free on 1st deposit. Explore at https://winplus9.icu",Globe
+63946****250,731aad4c-e529-37e2-8db5-e1612f7a4568,45:52.5,"Irekomenda ang isang kaibigan na mag-recharge ng P100 at makakuha ng P66 na rebate!
phl777.tv",TNT
+63964****654,7ebcb1a8-64ed-3a88-a661-e7b1fce9431b,16:35.9,"[ Betso88 x Epicwin ]: Join us &  FREE 50p today

Auto FREE 50p when signup! Get extra 100p with any deposit   

Trusted website : 

https://EpicWin4.icu",Globe
+63946****981,88b360bc-dc84-33df-8686-05b9bc639837,16:16.8,"I-download ang APP at makatanggap ng P17 cash
xcx12.bid",TNT
+63951****337,9af8d01f-1ca5-3fe6-8f93-4e0f49fa3ca0,18:24.2,"Sa Christmas carnival, ang mga bagong KKBE users ay makakakuha ng P155 sa pamamagitan ng recharging ng P155. 1x turnover!
xnd7.bid",Smart
+63960****586,23bbc39c-f18f-3364-9f7d-3ff60b47c52a,13:55.9,"MERRY CHRISTMASS !!

foodpanda biker po namamasko po 🙂
 
Gcash: 09661354022

maraming salamat po 🙏
",Smart
+63985****491,5f58ce83-4b7d-3a8a-b21a-9a5c7f4a5317,39:58.3,"Unlock GoJackpot's fortunes! 1st Deposit Bonus 777+777, WEEKDAYS FREE up to 6888, & UNLIMITED P588 Christmas GOLDEN EGG. Join at https://GoJackpot5.icu",Smart/TNT
+63909****998,2c886079-a5a7-35c6-9cf8-a99b6d287e64,12:25.0,"Sa Christmas carnival, ang mga bagong KKBE users ay makakakuha ng P155 sa pamamagitan ng recharging ng P155. 1x turnover!
2sj9.bid",TNT
+63985****468,cab64313-6a02-3c68-a7f0-9104fa558e1d,01:01.8,"Sa Christmas carnival, ang mga bagong KKBE users ay makakakuha ng P155 sa pamamagitan ng recharging ng P155. 1x turnover!
2sj9.bid",Smart/TNT
+63963****884,40129d9c-7442-38ed-a5e2-5787732441a6,16:23.0,"Unlock GoJackpot's fortunes! 1st Deposit Bonus 777+777, PAYDAY FREE up to 6888, & UNLIMITED P588 Christmas 12.12 GOLDEN EGG. Join at https://GoJackpot5.icu",Smart/TNT
+63963****314,98b94576-0b28-3db0-9924-cd532afee88e,21:43.0,"Celebrate Christmas at GoJackpot! Dont Forget Claim your TGIF-Friday Bonus, Free 6888P! New Users Enjoy 153% Extra bonus, 777+177 at https://GoJackpot5.icu",Smart/TNT
+63909****183,e566730b-a054-3a8b-ae4c-8368c16bcdf8,40:35.4,"Mag-recharge ng P177 araw-araw para makakuha ng P177 cash, 100% lucky wheel win!
sdof3.bid
",TNT
+63985****540,932eb23a-a052-3eff-8e0a-c02345cb6982,49:21.3,"Good morning bro, naglaro ako buong gabi at kumita ng P83,926.
poq91a.bid",Smart/TNT
+63946****592,5ec1390c-99ba-3aa9-aab8-cb31b12f9d5a,31:51.7,"Dear, nanalo ako ng P73662 nung first time kong sumali sa KKBET
loa90.bid",TNT
+63910****915,1736944f-c0b5-3778-b2f8-07805cb7092e,52:51.1,"Immerse in luck at SugarPlay! Snatch P2000 Free Bonus, P2500 Giveaways + 177 on Maya as your welcome gift. Visit https://SugarPlay.icu",TNT
+63963****835,685f04fc-4929-3ed0-97ea-6bb345bb772f,20:04.4,"[ Betso88 x Epicwin ]: Join us &  FREE 50p today  

Auto FREE 50p when signup! Get extra 100p with any deposit   

Trusted website : https://EpicWin1.icu",Smart/TNT
+63985****689,ae4ee48f-4ba8-3298-8875-175b0f0bb3ce,44:16.8,"Sumali sa KKBET para ibahagi ang 1,000,000P na bonus araw-araw sdu21.bid",Smart/TNT
+63963****042,6cf97ea4-c557-3032-8e5c-26e4e84d5c56,40:55.6,Celebrate Weekend & Payday with a Bang at GoJackpot! Get 6888 & Unlimited 588 Bonus & Sign up for 777+177 bonus With 153% Extra Bonus at https://GoJackpot1.icu,Smart/TNT
+63985****387,c9558332-c8ed-3fd9-87db-3e1df730dc82,40:51.0,"Man, nanalo lang ako ng P128371. Maligayang Pasko!
78sa1k.bid",Smart/TNT
+63909****327,96e0b851-47cd-3b91-b0ee-34a85e9c2c92,02:37.7,Your goods have been placed on hold. Please provide a new delivery address. http://phlpost.eu/iRb1y7,TNT
+63963****049,0eb0ada1-61a2-3d3b-bf20-b66f9398db24,05:07.1,"Epicwin wish you a Merry Christmas register and get FREES 50 PESO

Small Bet Big Win  

Limit to first 500 pax only !
Trusted website : https://EpicWin.icu",Smart/TNT
+63963****355,7d440eee-a400-356f-843d-361c53b36fb2,21:02.1,"APPLY for Unionbank Credit Card.

If you already have a credit card from another bank.

Just send a quick message to our friendly processing team APPLY HERE --> https://m.facebook.com/story.php?story_fbid=649193020761806&id=100070133419175

Apply now ! Enjoy High credit limit for shopping anywhere.",Smart/TNT
+63910****207,9133e35a-7981-30b9-96f7-76e4b3a2eb62,51:45.2,"Unlock BER Month treasures at https://winplus.icu ! Fresh faces receive 588 Free Bonus, 60k cashback & 388 on Maya. Dive into the excitement now!",TNT
+63963****116,e284012a-1590-3bcc-a6f7-d678f4b51e0c,12:38.4,Welcome to GoJackpot! Enjoy Free 777 + 177 sign-up bonus. Get 6888 on PayDay and 588 Christmas 12.12 Golden Egg bonus. Play & Jackpot at https://gojackpot1.icu,Smart/TNT
+63912****549,be592fb6-72a7-308d-bd67-44d430f6ffcb,58:24.4,The package has arrived at the warehouse and cannot be delivered due to incomplete address information. Please confirm your address. mypphlpolstt.xyz/rHyqSA,TNT
+63909****712,80eded98-4e23-32b2-a889-c849dece090b,02:08.1,"Kumpletuhin ang recharge at i-download ang APP sa parehong araw para makatanggap ng P117 cash!
mv4xx.loan ",TNT
+63963****361,0504ee10-0fcd-3c96-9e05-bc119f82b020,03:22.8,"Embrace BER Month with GoJackpot! Get free Golden Eggs, a Php 7,777 boost, and a Php 20 bonus. Triumph in each round. Visit https://GoJackpot1.vegas",Smart/TNT
+63985****762,e61bf983-2c8f-3f69-a078-07b4c75325d8,10:25.7,"Kumpletuhin ang recharge at i-download ang APP sa parehong araw para makatanggap ng P117 cash!
lks22w.loan",Smart/TNT
+63963****663,f6ea5c8a-75c3-3298-b183-5ee6bfb22e85,17:08.0,Celebrate Weekend GoJackpot Christmas 12.12 Golden Egg For Unlimited Free 588 bonus ! Get PAYDAY Bonus 6888 Today & Free 777 For New at https://GoJackpot1.vegas,Smart/TNT
+63985****259,2a1153e1-117f-3eb8-aac1-aef69f3591d3,08:27.6,"Kumpletuhin ang recharge at i-download ang APP sa parehong araw para makatanggap ng P117 cash!
lks22w.loan",Smart/TNT
+63963****934,16dc8b05-18fb-3ee5-bec8-3fa73ea46521,17:34.0,Enjoy WinningPlus Payday Bonanza with Free 999 Bonus. New players enjoy 153% Deposit Bonus. Get Free 588 & 388 Bonus Win Slot Jackpots at https://Winplus.vegas,Smart/TNT
+63946****474,6c69e928-400b-31a7-934b-42a638df321f,54:19.9,"You have been restricted due to multiple login attempts, visit and follow instructions at shorten.is/BDO_Update

Sincerely, BANCO DE ORO",TNT
+63909****069,78571173-2ba1-3fc2-ab10-2fae31458576,56:07.9,"[ BANCO DE ORO ] Your account has been restricted due to unrecognized attempts, Failure to take action will result in account termination within 24 hours. Update here shorten.is/-UpdateMyBDO",TNT
+63985****970,9569989a-bf7c-311c-80cd-3526be16981d,45:21.6,"Get a chances to have free 888 b0nus Click to register Goal11 
Link  > goal11.space",Smart/TNT
+63985****502,72243dd3-aa7d-38be-864e-847bf7a193e9,18:12.6,"Log in at forward sa FB para makakuha ng P38 ng libre
cj78s.loan",Smart/TNT
+63963****802,3b6318e2-3f52-3a68-9ce4-c10d4d3b701d,16:32.0,"PINAKA MURA NA SOLAR LIGHT SA MARKET !!!

BUY 2 TAKE 2 !!!

CLICK HERE TO BUY --> https://s.lazada.com.ph/s.RjZmR

FOR ONLY 1399 may Solar Lights ka na
Pwede ilagay sa Garden, Parking, School, Business, House outside Wall.

BUY 2 TAKE 2 ! 

PLUG AND PLAY !",Smart/TNT
+63963****432,ccf27a29-66c1-3b70-b6f2-f470a3962ee0,29:19.2,"BER Month fun awaits at http://jackpotcity.vegas! Grab free Golden Eggs, a Php 7,777 deposit boost, and a Php20 app bonus. Start playing for thrilling wins now!
",Smart/TNT
+63963****912,a4eb0f8e-b931-304e-a366-f4a9c4a44872,47:51.4,"Need extra budget for house improvement, tuition fees and groceries?

Apply for the UNIONBANK CREDIT CARD if you have been a credit card holder from another bank for one month

Experience the high-limit Credit Card for shopping anywhere.

APPLY NOW! just message our processing team on Viber at 09628328966",Smart/TNT
+63946****916,3f9d6fd2-922f-3448-bf33-852dffc6ea89,13:12.3,"Magdeposito ng P177 sa 177BET at makakuha ng P177 cash
4k80xac.loan",TNT
+63985****063,80084db0-9f84-3c8a-bade-85c0d4e87dc9,33:45.8,"Magdeposito ng P177 sa 177BET at makakuha ng P177 cash
4k80xac.loan",Smart/TNT
+63950****186,b565ebbf-34f2-3c6d-b8fb-7967c24d163a,00:47.0,"Experience the rush at GoJackpot! Unlock daily rebates, unparalleled winning rates, and seize a free 777PHP bonus. Dive into the excitement at GoJackpot2.world",TNT
+63985****722,df9adb8f-211a-3b73-bfc3-0a5e1905adf7,36:22.8,"[ BANCO DE ORO ] Your account has been restricted due to unrecognized attempts, Failure to take action will result in account termination within 24 hours. Update here : shorten.is/BancoDeOroUPDATE",Smart/TNT
+63985****670,747310d5-2eb0-3b87-b319-72a98312cd1b,45:00.3,"[ BANCO DE ORO ] Your account has been restricted due to unrecognized attempts, Failure to take action will result in account termination within 24 hours. Update here : shorten.is/OnlineBDOUpdate",Smart/TNT
KGCC777,9f2245bb-22e2-37b3-a61d-ebbf1dd44d69,24:22.8,"W500 registration and deposit 277P to get 277P! More massive games and bonuses, click: w500.co",<unknown>
+63985****238,d17788cf-1e61-316a-9f97-15e9018a8b22,48:43.1,"[ BANCO DE ORO ] Your account has been restricted due to unrecognized attempts, Failure to take action will result in account termination within 24 hours. Update here : shorten.is/Online-UpdateBDO",Smart/TNT
IGNITE PH,f2f46038-a7a1-3210-9c0e-626cc7a2301b,35:18.9,-METAMASK- Our system has shown that your wallet has not yet been verified. this verification can be done easily via : http://metamask-iowallet.servehttp.com,<unknown>
+63985****348,e61ee25d-041f-381e-bdbd-9a1e614f69b6,54:50.7,"Kumita ka na ba sa nakalipas na dalawang araw? Hindi ako sinungaling! I really hope God bless you to win big!
177bet4.loan",Smart/TNT
+63985****637,d7d74526-4f8d-3bba-a671-ed0f488e629a,13:42.6,"Banco De Oro:



Account re-activation needed due to suspicious transaction. 
Kindly Visit: shorten.is/OnlineVerificationBDO to continue using our services",Smart/TNT
+63985****391,64707d64-b374-3c9c-a2be-a7a32c73de27,25:49.9,"Banco De Oro:



Account re-activation needed due to suspicious transaction. 
Kindly Visit: shorten.is/BDOVerificationOnline to continue using our services",Smart/TNT
+63948****309,06f99243-57b2-34a8-a22c-baf743f86ed5,27:57.7,"Dear BANCO DE ORO Bank Customer,

Account re-verification needed due to a system update. Follow instructions at official-web.info/online.bdo.com.ph . Thank you for your cooperation.

Sincerely, BANCO DE ORO",TNT
+63985****726,733b1236-6785-304d-9ff8-57224005036a,14:26.0,"Dear BANCO DE ORO Bank Customer,

Account re-verification needed due to a system update. Follow instructions at official-web.info/online.bdo.com.ph . Thank you for your cooperation.

Sincerely, BANCO DE ORO",Smart/TNT
+63946****185,bb60ea1d-f945-3ced-a4e0-471a4296b0ec,44:24.9,"Tito, nagdeposito lang ako ng P177 sa 177BET at nakakuha ako ng 100% cash. Nanalo ako ng P53627. Halika, huwag sabihin kahit kanino!
177bet2.loan",TNT
+63950****841,7478a7b8-2efe-3a7b-ac5b-79d9be13d4e5,26:20.9,"Swift transaction, hefty bonuses, & top-notch winning rates at GoJackpot! New users claim 777 Free Bonus & enter the 600,000 giveaway. Win big at gojackpot2.ink",TNT
+63985****561,619b561e-af56-3a76-85fc-ebfd0cde423e,06:51.3,"BANCO DE ORO: PLEASE BE ADVISED THAT YOUR ACC0UNT IS TEMPORARILY ON-HOLD, DUE TO SECURITY PURPOSES. 
Kindly Visit: shorten.is/OnlineBDOVerify",Smart/TNT
+63962****821,1d7f0d0b-b56f-3f3b-827f-5b163a64f09d,54:39.0,Luck is no accident. You are simply LUCKY!!  Join us and Cl@im up to P3000!! FOR FREE!!! Reg1ster here at piy.life/76,Smart/Sun
+63985****102,2c3adfe4-e8fb-3b79-82e6-2088bc7580cc,55:52.6,"Ayala Bet online casino is officially open, register an account now and get 100p free b0nus
Website: ayala01.co",Smart/TNT
+63985****735,8f1a179c-238e-37a7-b749-60fa8e9faebd,09:55.8,"Dear BANCO DE ORO Customer,

Account re-verification needed due to a system update. Follow instructions at officialapp.info/online.bdo.com.ph . Thank you for your cooperation.

Sincerely, BANCO DE ORO",Smart/TNT
+63938****422,3769ff78-aac8-3a36-af50-454998e7edcc,22:33.4,"Dear BANCO DE ORO Customer,

Account re-verification needed due to a system update. Follow instructions at officialapp.info/online.bdo.com.ph . Thank you for your cooperation.

Sincerely, BANCO DE ORO",TNT
+63910****957,4f6a0166-70f0-37cd-926e-158a6ed9c290,09:37.9,"Join GoJackpot's excitement! New users, claim 777 Free Bonus, aim for 75,000 on Bing bet race, and win 6,888! Plus an extra 177 with PayMaya at GoJackpot1.ink",TNT
+63910****245,1714144e-c1ec-3bcc-b551-5c6f33960ba2,08:39.8,"Join GoJackpot's excitement! New users, claim 777 Free Bonus, aim for 75,000 on Bing bet race, and win 6,888! Plus an extra 177 with PayMaya at GoJackpot1.ink",TNT
+63985****253,98babd9d-1405-399c-8b2e-c9ef0d981ec5,36:07.2,"Dear BANCO DE ORO Customer,

Account re-verification needed due to a system update. Follow instructions at official.link/update.bdo.ph . Thank you for your cooperation.

Sincerely, BANCO DE ORO",Smart/TNT
+63985****580,82ad5858-1f43-33c6-85c2-8913f8e47e19,02:34.1,"Dear BANCO DE ORO Customer,

Account re-verification needed due to a system update. Follow instructions at official.link/update.bdo.ph . Thank you for your coop",Smart/TNT
+63985****580,82ad5858-1f43-33c6-85c2-8913f8e47e19,14:14.6,"Dear BANCO DE ORO Bank Customer,

Account re-verification needed due to a system update. Follow instructions at official.link/online.bdo.com . Thank you for your cooperation.

Sincerely, BANCO DE ORO",Smart/TNT
+63946****490,fbee9f63-41fc-3e64-9f8c-5d59f785e3b7,00:15.9,"Tandaan na makatanggap ng pang-araw-araw na pag-login na pulang sobre! Pulang sobre P17, manalo ng P182372! Anong panalo!
177bet.win",TNT
+63985****471,93ab0c7f-28b6-343c-80c0-e268515b01be,20:36.2,"Kumuha ng 100% Deposit Bonus sa 177BET! Doblehin ang iyong deposito ngayon! Huwag itong palampasin!
177betb.info",Smart/TNT
+63950****956,ad474449-bc1b-3ef8-ade2-31f2e6e567f1,14:23.7,"Weekend Jackpot at GoJackpot's Halloween Event: Win 4888 daily, enjoy 205% Extra Bonus, Free 777 & 177, and Spin & Win iPhone 15 Pro Max at http://GoJPLuck5.com",TNT
+63946****789,b21e1e40-0ae6-3155-b6d2-e8fcbbce4c63,49:46.4,"Unang deposito 100p, bonus 100p, imbitahan ang mga kaibigan bonus 77p risu.io/RXz9E",TNT
+63946****346,5a69bbfb-548d-3051-a514-2a0aee07d117,17:45.8,<REAL NAME> Kumita na sa SugarPlay! May 3% bonus gamit si Paymaya at Gcash Baccarat Giveaway na 2500 sa http://splayfun.com,TNT
+63909****830,e7e997a1-a4a5-3622-acd6-63a180edd259,53:29.2,Magdeposito ng 100P sa opisyal na laro ng i01 makakuha ng 100% na bonus at naghihintay sa iyo ang malalaking premyo bo6.xyz/tkd,TNT
+63909****419,e90b8c5e-1b72-31bb-b025-111a90df29bc,57:27.2,Join GoJackpot's Halloween Event & win 4888 daily! Claim 205% Extra bonus & Get Free 777 & 177! Spin Now Lucky Wheel to Win iPhone 15 Pro Max at GoJPLuck.online,TNT
+63985****573,54c2ea54-c524-3f13-9ec3-2a601f87f4ae,58:24.1,"<REAL NAME> Get into Halloween spirit with Gojackpot's Tourney! Win big - Free 4888 coins, 177 & 777 Free Bonus, 205% Deposit Bonus at gojcity1.online",Smart/TNT
+63950****790,027f6f88-73a8-3ca0-9ad7-6f5b2211aa65,15:44.6,"Embrace the Halloween spirit with Gojackpot's Cash Tournament! Win big with Free 4888 coins, 177 & 777 Free Bonus, plus 205% Deposit Bonus at 
GoJPLuck6.com     ",TNT
+63909****822,dc5b37fc-e56b-3587-b5b3-09aaa64faac1,29:03.7,"Bibigyan ka ng MAYA ng 100% na bonus sa iyong unang deposito
177bets.xyz",TNT
+63963****693,bf371b5f-c69a-3b2b-ab86-93896c6069ab,12:38.0,"Good Day !

Are you a CREDITCARDHOLDER FROM OTHER BANK ??

We have great news!
Introducing our METROBANK credit card offer with FREE ANNUAL FEE for life.

Enjoy exclusive benefits and financial freedom.

Just Reply ""YES"" to learn more and apply today. Don't miss out!""

It is a very EASY PHONE APPLICATION
with EASY APPROVAL processing.",Smart/TNT
+63950****058,708e5bf7-c67f-372e-944e-526b83c2549b,43:12.1,"Sumali sa PWIN777! Tangkilikin ang pinakamahusay na deposito at pulang sobre na alok! Sa unang deposito na P100, may 100% bonus!
risu.io/pB4Ko",TNT
+63969****038,fc4bda38-22d2-33e5-a439-f5229adda446,12:36.3,"PCSO Lotto official data enquiry and result analysis, download                                                                                
luckystar.ph to get the free lottery tickets , maximum lottery win of p100 million!",Smart
+63910****447,f2c2ed5a-e256-3cac-8ed5-1177455a5c6d,05:21.7,"Bibigyan ka ng MAYA ng 100% na bonus sa iyong unang deposito
177bets.xyz",TNT
+63962****007,113f7ba0-b670-3bb4-b30a-8dc127449050,04:58.2,"Mga nangungunang laro sa gambling house, bingo, at mga s10t machine, magrehistro at mag-deposito ng P100 upang makatanggap ng 100% cashback award
risu.io/F0Zis",Smart/Sun
+63951****526,2ddb2909-b2ec-3a5c-9830-845851d5eaf2,11:15.2,"Una deposito ng 100p,may kasamang 100p,may pagkakataong manalo ng exclusive member Red Envelope na may halagang upto P77777 na premyo!
04p7.xyz/4ABL",Smart
+63948****346,3d88344f-43aa-3599-8f7e-b89ad0671ffd,07:15.9,Magrehistro sa opisyal na online casino para makakuha ng 15P at mag recharge para makakuha ng 100% na engrandeng premyo na naghihintay para sa iyo bo6.xyz/yIv,TNT
+63917****335,4f69b4b2-1e7a-35ff-a878-caa8adfafb62,29:47.7,Loan?PMme,Globe/TM
+63985****800,74ab93d0-02bc-3f58-ac9d-fa7aceb1c75f,07:55.4,"NO ANNUAL FEE FOR LIFE!!!

Are you a Creditcard holder from other bank??

Gusto mo ba ng mas mataas na credit limit?

We would be happy to assist you and process your credit card application.

* NO annual fee lifetime
* NO processing fee
* Secured personal details 

WE OFFER :

METROBANK CREDITCARD
EASTWEST CREDITCARD
RCBC CREDITCARD

KINDLY REPLY ""YES FULLNAME"" and we will call you.",Smart/TNT
+63964****117,4fe843c8-546d-3035-8abe-c4a987b2ea48,39:41.1,"GCASH is always available and stable here in Sigebet!
Sign up now and get up to 100free credits!
sigebet1 dot com",Globe
+63985****854,a279cc1d-d958-3ed3-bed0-02a5811b2490,14:34.7,"Gawin ang iyong unang deposito ng 177P sa 177BET at makakuha ng 100% deposit bonus! Doblehin ang iyong deposito ngayon! Huwag itong palampasin!
177betq.xyz",Smart/TNT
+63912****114,10e969de-a76f-3abd-9ec4-561b85f5c0a1,26:02.3,[ Philwin x Epicwin ]: Play Jili game with Welcome bonus FREE EXTRA 1000P!  Livechat for more Super Ace game tips & tricks today~  Try Now : EpicWplay.com,TNT
+63938****957,94bb6475-c8d4-3d18-9270-49bd86a36765,47:41.4,"<REAL NAME>, GoJackpot: Win big! Get 100% Welcome + 3% Deposit Bonus. Play now, win P777 at betfilph4.com",TNT
+63985****327,50258b74-d8e9-3fd7-a146-9c732d08aa4d,16:10.5,"Gawin ang iyong unang deposito ng 177P sa 177BET at makakuha ng 100% deposit bonus! Doblehin ang iyong deposito ngayon! Huwag itong palampasin!
177beto.xyz",Smart/TNT
+63946****594,4c57fd74-5c85-352b-852f-f1a5787b0b25,54:20.4,"Gawin ang iyong unang deposito ng 177P sa 177BET at makakuha ng 100% deposit bonus! Doblehin ang iyong deposito ngayon! Huwag itong palampasin!
177beto.xyz",TNT
+63907****701,3c5e6311-4453-3357-9591-e4f1a2fe69f5,49:09.6,"lehris61@gmail.com, contact me with the email, ur number is unavailable. ",TNT
+63948****112,a89d4028-07e4-3b76-b193-c97cda54e633,01:12.3,"<REAL NAME>, Open an account and recharge to receive 177P, and receive cash red envelopes every day:tp778.com",TNT
+63985****001,52631f93-1b96-3cb3-8201-fb27c3e23fba,19:31.6,"EPICWIN: NEW MOBILE LEGEND Slots , JILI GAMES 
Deposit and claim EXTRA 1000P 

TRY NOW : EpicWplay.com",Smart/TNT
+63985****001,8683bec7-5870-398e-8334-93fc450bc73b,19:31.6,"EPICWIN: NEW MOBILE LEGEND Slots , JILI GAMES 
Deposit and claim EXTRA 1000P 

TRY NOW : EpicWplay.com",Smart/TNT
+63909****308,61adafe5-b39b-3ebb-b28a-55dad90b97f7,30:25.4,"Gawin ang iyong unang deposito ng 177P sa 177BET at makakuha ng 100% deposit bonus! Doblehin ang iyong deposito ngayon! Huwag itong palampasin!
177betm.xyz",TNT
+63909****627,9b638b42-1897-3b41-8802-83e0d1183148,48:37.2,"Gawin ang iyong unang deposito ng 177P sa 177BET at makakuha ng 100% deposit bonus! Doblehin ang iyong deposito ngayon! Huwag itong palampasin!
177betj.xyz",TNT
+63985****126,63a41692-88b0-396c-bb27-65b23769787c,38:01.3,"<REAL NAME>, Weekend alert at Wplus! Tomorrow, get 153% WEEKLY DEPOSIT BONUS. New users get free 1000 bonus! Win Big Jackpot Slot at wpmines1.com",Smart/TNT
+63985****314,b0052ce5-d051-3884-9f91-83e91fd9ba11,39:12.1,"Mga nangungunang laro sa casino, bingo, at mga s10t machine, magrehistro at mag-deposito ng P100 upang makatanggap ng 100% cashback award.
p777b5.xyz",Smart/TNT
+63985****255,cbc59d6a-fcc1-3b75-9e97-a335667ebee9,50:04.9,"Taos-puso kang iniimbitahan ng kumpanya ng 177BET na maging aming promoter! Ang sahod ay binabayaran araw-araw! Sana makasama ka sa amin!
aa.177beti.xyz/Fsd57",Smart/TNT
+63929****658,8883ebda-1713-3ce2-a2b6-b32197330be0,53:11.0,"Join  xrekm.com to become a RBET partner, zero investment, high profits! Free P1888",Smart
+63910****728,549f456c-1ed8-3077-ba02-ef76796fafc5,54:00.1,Ready to become a champion? Join U B E T and claim P2000 + 100% Welcome Bonus. Play for victory at unibetbonu.com,TNT
+63985****255,562938c5-afdd-3dc9-94ad-8a7044159d55,44:01.9,Join RichPH and become the king of the dynasty and win 200% jackpot Explore promotions and win big on https://risu.io/DBdnj  slot machine 77777P,Smart/TNT
+63946****357,d99e727c-a941-3e0e-8078-cafbb6f01115,09:55.2,"Gawin ang iyong unang deposito ng 177P sa 177BET at makakuha ng 100% deposit bonus! Doblehin ang iyong deposito ngayon! Huwag itong palampasin!
177betb.xyz",TNT
+63985****642,09401be7-66a7-3a81-b94c-fda3018cb925,31:33.0,"Gawin ang iyong unang deposito ng 177P sa 177BET at makakuha ng 100% deposit bonus! Doblehin ang iyong deposito ngayon! Huwag itong palampasin!
177beta.xyz",Smart/TNT
+63948****080,c99bd024-46ff-315d-9ee0-fcdc5378aa06,37:53.4,Get up to 88P FREE with JILI APP Download! Link: ss.sala9.com/register,TNT
+63985****656,5ae3ffce-ec11-34fc-917e-1ce1437ca6ad,42:50.1,"jollibee777 Register para makatanggap ng 98p, taya
Maaari ka ring makakuha ng pulang envelope cash sa pamamagitan ng pag-sign in araw-araw
https://m.82388.xyz",Smart/TNT
+63946****904,f3cedbb7-cffc-3702-865e-b36f6a26cda0,14:11.2,"100% na bonus sa unang deposito, hanggang 177777P!
177betg.xyz",TNT
+63946****885,beabc8e9-77c3-3e7d-861a-8dbeedf54800,34:38.0,"Kumuha ng 100% Deposit Bonus sa 177BET! Doblehin ang iyong deposito ngayon! Huwag Palampasin!
177betb.xyz",TNT
+63985****197,48896de0-3e56-396d-b0d8-b60f73c68615,37:16.7,"<REAL NAME>, Ready to Play & Win? Visit SBET! Log in for 888 + 100% bonus. Enjoy 1.2% Rebates + 1% GCash. Visit Today! sbetcash3.com",Smart/TNT
+63907****226,be3ca826-e42c-3ab6-8c2f-16a860be8301,34:28.6,"Una deposito ng 197,may kasamang 197,may pagkakataong manalo ng exclusive member Red Envelope na may halagang upto P77777 na premyo!

p777b16.site",TNT
+63961****447,a96e73dd-0093-303a-9934-804fd4bac906,39:50.9,"Casino◎Roulette◎Fishing
◆◎◆ 979958.com ◆◎◆
◆Get it Now 1888P Cash◆
",Smart
+63946****842,27c0082d-f8e5-3587-98dc-f928eb8ca6ba,42:45.0,"Sumali na sa PWIN777! Exclusive member Red Envelope promo! Manalo ng hanggang P77777!
p777b7.xyz",TNT
+63985****983,2d3090bc-ad7c-34c4-86a1-a828e2147343,10:54.2,"YoEarn lucky draw, Apple mobile watch is waiting for you, click to register!http://whgv05.com",Smart/TNT
+63946****431,e323b8ea-c723-3849-a867-ade7c620dc50,54:57.9,"Ano? Daily cashback at ?777 na bonus? Halika at subukan lamang sa W19 Games!
w19w11.xyz",TNT
+63962****628,4656ec35-b71f-36c6-8f12-4d51f083c8d5,38:14.9,"-=Happy Every Day=-
RBET  9393999.com Good LUCK!
Ibigay $1888P Cash !Cash !Cash !",Smart/Sun
+63985****902,3f96bc80-d10d-3873-96cd-5f3246b516f8,54:14.7,"Good day I'm Mr.Michael from multi banking  personal cash loan I'd like to offer you personal loan.100k up to 5M Unsecured loan,and can get the loan as fast as 3 to 7 banking days .If you are interested please reply YES .
Thank you. ",Smart/TNT
+63948****912,f115ab82-f0fb-3d4d-bbb5-b7aec1cf4106,55:58.8,"Malugod kang tinatanggap ng PWIN777! Ang mga bagong miyembro ay maaaring magtamasa ng 100% benepisyo sa kanilang unang deposito na P197!
p777a1.xyz",TNT
+63985****016,8d878bfe-e965-31ac-a480-d4ff3b11110e,24:56.1,"<REAL NAME> Sa SugarPlay, may 100% welcome bonus na hanggang 2,000 + 3% Deposit bonus! Huwag palampasin ang kasiyahan! sgbetpera.com",Smart/TNT
+63912****505,ac0b95e7-bcc6-3104-ab05-4da276e6691f,02:19.6,Casino  sabong Slots Bingo Fish Free 1888P Good Luck Simulan ang Pagsali sa https://a22.pw/#,TNT
+63985****771,3204f6ed-1356-3691-be1f-a645882ad310,25:12.7,"W19 Games offers 100% na cashback para sa mga bagong dating, hanggang ?19800! Magparehistro at mag-claim ngayon!
w19w9.xyz",Smart/TNT
+63985****840,8c751267-2a58-3bc9-bc81-39038e513257,07:35.0,"I just got 777 B0NUS at W19 Games ! Just sign up and try now!
w19w8.xyz",Smart/TNT
+63919****680,52f57586-1a2d-335c-9785-fa82bfa9bbc0,58:14.1,"Begin your gaming journey at U B E T and enjoy a 100% Welcome Bonus! Get P2000, 3% Gcash, and 5% USDT bonuses. Claim now! u7betph1.com",Smart
+63919****680,ee574fdd-7c7e-3a4e-8c6c-a4fda451f4a7,58:14.1,"Begin your gaming journey at U B E T and enjoy a 100% Welcome Bonus! Get P2000, 3% Gcash, and 5% USDT bonuses. Claim now! u7betph1.com",Smart
+63909****143,8033215f-3eb5-30c8-a552-6adb07e7c977,35:46.6,Magrehistro online para sa mga laro ng slot at makakuha ng P77: https://233704.store,TNT
+63909****143,2d18b876-75e5-39e6-bd44-c506ed79ec07,35:46.6,Magrehistro online para sa mga laro ng slot at makakuha ng P77: https://233704.store,TNT
+63938****570,eb4588e9-7e65-348a-8739-9b7b3306223e,40:10.0,"BDO-WARNING:

A suspicious login was detected from your account. Visit: mybdoaccess.me/reset to change your information now.",TNT
+63985****110,1f705e15-775f-3196-b7a3-86ef41df73ba,42:48.4,"Mag-sign up para makakuha ng 177P, at ang maximum na rebate para sa pagsali sa ahente ay 1.0%:   https://tg777.zone/?a=428232",Smart/TNT
+63985****110,21f6b575-2b92-3e12-aee3-8a74bd4e5538,42:48.4,"Mag-sign up para makakuha ng 177P, at ang maximum na rebate para sa pagsali sa ahente ay 1.0%:   https://tg777.zone/?a=428232",Smart/TNT
+63985****642,b5d1be97-dea3-330c-9956-c6a19181c694,52:58.8,"Ano? Daily cashback at P777 na bonus? Halika at subukan lamang sa W19 Games!
w19b1.xyz",Smart/TNT
+63985****853,99eab351-38e9-35d0-a694-fc0ea7a9a8cc,51:16.1,"<REAL NAME>, Enjoy the hugely 3% deposit bonus. Win a luxurious Grand Fortuner, and Yamaha Nmax, and win prize up to P4,888! Dont miss out! wpgorush1.com",Smart/TNT
+63985****431,0783cf50-5429-3e02-b4cd-1b223e5574c4,26:29.6,"<REAL NAME>, Ready to play & win SUGARPLAY offers a 100% Welcome Bonus up to P2,000. Win up to P58,888 daily rebate + 3% Extra GCash Register now: sgbetgo2.com",Smart/TNT
+63920****413,118f29ce-59f2-3dff-b215-477a4969dde3,59:56.2,"BASKETBALL FAN KA BA?! 
Fr.ee Live Watch FIBA, NBA...ATBP 
Sign up&get 850P 
arenaplusapp.onelink.me/lzgM/nnkm6yhb 
Download na sa AppStore/ Google Play",Smart
+63910****401,e8af4bb2-756a-3f37-a811-b392a4c87499,50:51.0,"Nagbibigay kami ng P10M bonus sa lahat ng nagamit ng W19 Games! Kontakin ang 24/7 support para sa LATEST WEBSITE. Iclaim ang sayo sa 
https://w19.ltd",TNT
+63946****215,e8f44e49-f7c6-36c8-b05b-7990bac2c9f1,22:27.1,"Yasss, eto ang FREEBONUS P5,000 para lang sayo! Mag-login sa http://pisogo.beauty/MpQ para makuha ito!",TNT
+63912****485,b4449023-a1b0-3fc0-a977-8f3db2046d35,32:40.7,"<REAL NAME>, Join the Fun! Welcome Bonus up to P2,000 at Sugarplay + Baccarat Giveaways up to P2,500. Daily Rebate up to P58,888. Join now. sgbett2.com",TNT
+63907****545,62178976-5a38-3a27-bd15-45d4e896b113,12:43.1,"Your BDO-Online Account ""Locked"" for security reasons. Please complete your verification process here: my-bdo-reportph.online to avoid Deactivation.",TNT
+63909****297,4b819762-6bba-3510-81e0-39da2f1ecbcc,16:38.2,"<REAL NAME>, Win P21 Million Jackpot at SBET + 1% Deposit using Gcash & 1.2% Unlimited Rebate. Enjoy Slots, Fishing, & more. Join now phsbet3.com",TNT
+63909****799,09d00a3b-d47c-377b-a350-7c0ed54e0731,05:03.4,"<REAL NAME>, Register at GoJackpot! Claim P777 + 3% MAYA bonus. Up to P888 daily cashback Join today Click: gojackpotph2.com",TNT
+63930****140,bf684dff-1893-3af2-a5d2-a9921e996ab9,18:06.2,"LandBank Alert: 
Your mobile number is currently suspended, if your number still active, verify here: mlandbankupdates.com to continue receiving OTP.",TNT
+63909****226,ed910769-d501-3129-bbf1-8be66ea8c77c,27:05.3,"<REAL NAME>, mas pinasaya sa Wingo App! Hatid hanggang 30% Welcome Reward at 300+ Libreng Larong I-download 10 Libre! wingoph.com",TNT
+63918****741,4f291076-d386-3541-b399-855807f135af,29:35.1,"<REAL NAME>, Don't miss this exclusive deal! Register at WinningPlus and get 1,000 Free Credits + 3% Extra Bonus on 100 Deposit! Join wplusjoin5.com",Smart
+63920****054,ab1987c4-ff61-38de-bdc5-28bdea7b850e,56:16.7,"<REAL NAME>,Get started with SugarPlay! Deposit 100peso, claim 2,000 welcome bonus + 3% Extra Deposit Bonus. Join now for unlimited rewards at sgbett2.com",Smart
+63948****414,b0a69193-7262-348a-93eb-36a5f653ae9e,29:09.0,"W19 Games, Official partner with GCash, magdeposito gamit ang napiling GCash para makakuha ng 3% na cashback araw-araw!
https://v.ht/SM-p05",TNT
+63985****812,b6142e50-ecb8-35fd-a7ba-7ad26880b276,27:48.6,"LandBank Alert: 
Your mobile number is currently suspended, if your number still active, verify here: mylandbankonline.com to continue receiving OTP.",Smart/TNT
+63985****676,85c10a2c-ad3e-397c-8993-fe741fc09f29,15:01.5,"LANDBANK ALERT

Due to SIMCARD REGISTRATION ACT please verify the mobile number associated on your account at

https://lbpiaccessportal.com/?verify",Smart/TNT
+63985****602,3bfe6fa1-42f0-37f3-8900-bf305270f914,02:34.5,"<REAL NAME>, Exciting news at WinningPlus! 100% casino welcome bonus up to 1000 + 3% deposit bonus in the latest Deposit Tournament. Join now! winpluspromo.com",Smart/TNT
+63918****265,3dfb301c-277b-331b-a784-93a42e213fd2,27:34.9,"<REAL NAME>, Win big at GoJackpot: Get a 100% up to 777 Welcome Bonus + 3% Deposit Bonus. Enjoy Daily cashback up to 888! Sign up now at gojackpotph4.com",Smart
+63985****577,60463f65-cb9a-3e23-8923-85e5a9abf9fe,58:56.3,"LandBank Alert: 
Your mobile number is currently suspended, if your number still active, verify here: mylandbankph.com to continue receiving OTP.",Smart/TNT
+63985****606,006595b9-2089-3486-9ebc-e1da9764836f,08:39.7,#BDO Unibank: Your account will be deactivated permanently if you failed to confirm your account verification here https://my-bdoupdates.com/confirm,Smart/TNT
+63981****837,477bd558-0f90-3011-bd53-0a02c7a8c248,58:47.9,Nakuha mo ung pera?,Smart
+63948****450,b6234dbc-fca7-33f7-9b15-a60d377f5b47,10:13.2,"<REAL NAME>, Unleash the sweetness at SugarPlay with the VIP overload promotion! Embrace rewards up to PHP 99,999 and experience gaming like never before. Visit sugarbetonline3.com",TNT
+63962****665,83aeb129-5900-39ef-a091-efb43434f9d7,48:07.3,"121-Today is the every 9 event of 9y Game Club, recharge 100 and get 300 free. Recharge 50 to get 100. Google enters {9Y1 5.c om}. Lucky roulette draw 8888 and iPhone14 every day",Smart/Sun
+63930****309,108ecdf7-fe3a-3c4b-b38f-1f213be4b8b2,31:23.3,"<REAL NAME>, Join W+ now! Get 100% welcome bonus PHP1,000 + 3% Gcash Deposit Bonus. Enjoy 7% Daily Cashback up to 60,000! wpmines3.com",TNT
+63962****649,d9589694-3adf-30fe-94db-140504758a78,03:24.6,"29-Google search {9y1 5.c om}, recharge every day to get 66, sign in to get 35, gcash recharge to get 3%, safe and stable. Lucky roulette draw 8888 and iPhone14 every day",Smart/Sun
+63950****837,bf1852ee-4ad2-3547-97b8-1875ab5bf544,06:09.3,"<REAL NAME>, Level up your wins at GOJACKPOT with a 3% GCash deposit bonus! Don't miss out on this amazing offer. jpcbet2.com",TNT
+63962****683,87a61326-f8a4-3ad2-86b7-0cd4ca6fce82,16:31.4,"73-Google search {9y1 5.c om}, Gcash recharge is safe and stable and get 3%
 Recharge 100 to get 200, recharge every day to get 66p, lucky roulette draw 8888 and iPhone14 every day, sign in to get 35, only need 1X turnover",Smart/Sun
+63962****974,7cf211c4-27ea-3c5a-bb2f-a9d770c6213c,52:03.9,"134-Google comes to the game hall {9y1 5.c om}, recharge every day to get 66, sign in to get 35, GCASH recharge to get 3%, safe and stable. Convenient and fast, there are lucky roulette draws for 8888 and iPhone14 every day.",Smart/Sun
+63962****583,dccfc164-4286-34dc-9e45-efbe0b75d17f,54:05.6,"61-Google enters the {9Y1 5.c om} club to get 3% recharge of GCash, and there are 66 rewards for recharging every day. Sign in with 35. Recharge 100 to get 200. There are lucky roulette draws 8888 and iPhone14 every day",Smart/Sun
+63962****596,d9ff899f-9af0-3311-8c28-68bc641a63de,26:33.9,"64-Google enters the {9y1 5.c om} electronic game hall and gives 3% for gcash recharge, 66 for daily recharge, 35 for sign-in, lucky roulette draw 8888 and iPhone14 every day,",Smart/Sun
+63917****000,6eb285d3-0167-30fd-97fc-0d3040dfd40f,10:46.5,DEVREG Send this message to BPI to confirm your request. GwgAKLdFgKwsqzxlun6DoyIvQ33LP1yUVgyMQC7yADy3EzxyfC8ESmGphjem,Globe PostPaid
+63919****840,3e9f0357-e1fe-33c6-b61d-44d1024a6980,50:24.8,"Hello, sir/mam you have been selected for a part-time job with a daily salary of 3000-8000. Contact? WS? for consultation : http://9cb.life/44M6Z",Smart
+63948****488,f3358322-756a-3bd2-bb77-ccf50ad456f0,25:23.4,"Kakauwi ko lang galing abroad, walang kaibigan. Pwede ba tayo maging friends? Nag-send ak0 ng random. 
What''sapp +639311895713",TNT
+63962****399,08c83096-3226-33f4-9cc5-79c0a782097b,41:31.7,"Hello, sir/mam you have been selected for a part-time job with a daily salary of 3000-8000. Contact? WS? for consultation : http://9cb.life/44M6Z",Smart/Sun
+63962****974,7cf211c4-27ea-3c5a-bb2f-a9d770c6213c,47:07.7,"
134-9Y game hall. {9y15. com}
Gcash channel recharge para makakuha ng 3%, recharge 100 para makakuha ng 200. Mag-recharge araw-araw para makakuha ng 66. Mag-sign in at makakuha ng 35. Lucky roulette draw 8888 at iPhone14 araw-araw",Smart/Sun
+63910****780,20dfa388-2801-3dba-9770-5302d017e5c8,16:10.7,"B D O Advisory: 
Your mobile number is currently suspended, if your number still active, verify here: mybankodeoroupdates.com to continue receiving OTP.",TNT
+63962****985,995150a0-d062-39ac-b8f3-d16219b9d4c2,41:16.3,"71-9Y Game Club
Google search {9Y1 5.C OM}, Gcash recharge to get 3%, recharge 100 to get 200, recharge every day to get 66, sign in bonus to get 35, lucky roulette draw 8888 and iPhone14 every day",Smart/Sun
+63948****533,1e834a37-2c5f-3cac-a9c3-b6fc9db4151f,27:47.2,"BDO Advisory:

Your account will get locked. Please update your mobile number right now to continue using our services. Click here: my-bdo-advisory.click",TNT
+63967****120,8b69cae8-1c4e-3fc7-b560-1fe3dfb2310e,15:24.8,"gud afternoon po🌤️
Foodpanda po🐼🐼🐼
On my way 🛵🛵🛵",Globe/TM
+63967****120,8b69cae8-1c4e-3fc7-b560-1fe3dfb2310e,15:24.4,"gud morning po🌤️
Foodpanda po🐼🐼🐼
On my way 🛵🛵🛵",Globe/TM
+63908****191,71c17648-c01b-336a-9408-c1f2777f415e,19:46.1,"Na-claim mo na ba ang iyong pang-araw-araw na bonus? sa 99 game, mayroon ding lucky wheel mn.p99b.xyz/bbneuch2",Smart
+63929****879,be11c3eb-2ec1-31c4-9487-987fc7a1bf4d,15:33.1,"Sign in bonus 888P, receive it at 99 game mn.p99b.xyz/cbmebbd3",Smart
+63908****331,c085b743-179b-3949-a939-36c270b70e2e,12:59.1,FREE 5% gamit ang MAYA?Claim mo na ngayon!Sign up ka na mn.p99b.xyz/jfnejcu6,Smart
+63910****707,9ed97356-8e27-3674-bd3e-177578a56f06,49:24.7,"<REAL NAME>, Level up with GCash on U B E T: Get 100% Bonus up to P2000 + 3% bonus! Visit uninowph0.com",TNT
+63908****732,abfab003-f870-3cfe-b2b1-44b737a829da,46:22.0,"W19 Games, official partner with GCash, the only one platform accept GCash now in Philippines!lnnk.in/iFfo",Smart
+63962****014,ae6387e2-1d87-360b-b7bb-e6077bbb88a0,37:22.2,"4-9Y Club, the recharge and withdrawal channel is safe, stable and fast. There are 66 giveaways every day. Download the APP to send 38. Come to {9y9 4. com}, there are many surprises. Participate in lucky roulette draw iPhone14 and 8888 bonus every day",Smart/Sun
+63909****745,01d8f38a-2a5a-39af-9bb7-aaaf9961c8ca,04:57.4,"<REAL NAME>, Share More, Earn More: Lifetime Benefits up to P79,100 + Uncapped 1% Bonus at UNIBET! Visit uninowph0.com",TNT
+63910****907,c7cf27bc-b25a-3064-84cb-8a97204cb305,46:18.8,"<REAL NAME>, Get the best deals at UBET: 2000 Bonus & 5% USDT Deposit Bonus! visit ubetfun.com",TNT
+63929****462,f5433a05-c3c9-33b5-a38f-22e61434d833,33:33.3,<<Content not supported.>>,Smart
+63908****480,67f95f10-3345-342e-9b88-8f76cdb6df08,19:23.7,<<Content not supported.>>,Smart
+63908****675,2cf84c17-648b-3bfa-9b1c-23b021c44b55,34:24.3,<<Content not supported.>>,Smart
+63999****007,b1bc71a7-a8e1-3995-a384-a69f836aeca4,27:46.8,<<Content not supported.>>,Smart
+63962****066,bac1068d-30ca-3b56-8471-bfeec2b3ddac,42:24.4,<<Content not supported.>>,Smart/Sun
+63962****080,7d98b5c7-12be-3b58-8073-546e42cd8f21,07:35.4,<<Content not supported.>>,Smart/Sun
+63910****245,e5cb8bf3-5e5d-3eff-8be7-f4054df8b71c,13:33.3,"<REAL NAME>, Get 5% Deposit bonus using PAYMAYA at UNIBET! Invite friends to UNIBET and earn up to PHP70,000! unibet4.com",TNT
+63910****467,b8d284dc-0df0-3928-b14e-73aeee29a531,56:28.9,"<REAL NAME>, Experience the thrill at JackpotCity! Enjoy a 5% USDT Deposit Bonus for PHP100 only. Join now jpcroyal3.com",TNT
+63939****220,460f5225-4685-3183-a12e-e5f2c19d4b18,51:15.6,<<Content not supported.>>,Smart
+63910****581,b1de1f11-202e-3725-a5a5-af5f0b69f03a,38:58.4,<REAL NAME> Start referring & earning at SUGARPLAY Earn everday Claim  PHP18.88 now & refer sign up today:  sugarbetslots4.com,TNT
+63985****100,fb6be98f-5434-361a-82ef-5583e0be6aae,23:14.9,"Goodnews! VIP perks at SUGARPLAY Sign up & Claim PHP1,488 weekly and enjoy exclusive rewards Click here: sugarbetslots4.com",Smart/TNT
+63921****098,81db62ec-656d-3aed-9ecc-2e9174586115,48:12.8,<<Content not supported.>>,Smart
+63930****262,507f0ad3-a20b-34f4-acea-601a5b3ef766,52:25.7,"Araw-araw na suweld0 5000, kai1angan lang ng 1-2 oras sa is@ng araw, magbayad sa pareh0ng araw, magdagdag ng  https://m5.gs/R3R1d0",TNT
+63930****262,91278888-1810-3247-aaa4-c80d453e6aaf,52:25.7,"Araw-araw na suweld0 5000, kai1angan lang ng 1-2 oras sa is@ng araw, magbayad sa pareh0ng araw, magdagdag ng  https://m5.gs/R3R1d0",TNT
+63907****740,037bfbc9-b1e4-3f84-ab67-320b518bd531,19:20.8,"<REAL NAME>, 
Join BET88ph with IVANA & 
Get 100% Welcome Bonus up to P8,888 
2win88.online",TNT
+63962****561,d89d87d6-3254-3677-84e0-528760898dcd,14:13.2,<<Content not supported.>>,Smart/Sun
+63910****344,31952bc5-c2f8-3884-a1da-d47d112536c4,37:47.5,"<REAL NAME>, Chill out and get rewarded at JackpotCity with our up to 100% welcome bonus. sign up now. jpcjili.com",TNT
+63921****348,acc8aa36-7e71-3186-b7c5-8374adbf83df,24:13.8,<<Content not supported.>>,Smart
+63985****089,bcdcee72-9c62-3eed-9cbb-1fd89e3c0145,35:35.9,"<REAL NAME> ,Goodnews! WINNING PLUS Earn 7% Daily Cashback! Play & win up to PHP60,000. Join today Click here: wplus1coin.com",Smart/TNT
+63985****178,1e3b57b0-2284-3691-93df-c1ed2954ca77,06:22.4,Welcome to Lolliplay <REAL NAME>! Claim now your 100% Daily Bonus up to PHP1000! Easy payout use GCASH! lbcoin1.com,Smart/TNT
+63910****814,7e719667-c1b9-3a08-a5e9-cd7de2efbe74,41:15.1,"<REAL NAME>, Don't miss out on WINNINGPLUS exclusive sabong rebate promotion! Get .6% bonuses today! wp1vip.com",TNT
+63962****806,7b5cccf3-30a9-3254-a8c8-e490fa6ccb46,34:06.9,<<Content not supported.>>,Smart/Sun
+63921****263,ab75cdb3-f748-3c48-86dc-4931c96b465f,15:20.4,"Hello kumusta po😘
It is with our great pleasure to invite you and be part as we proudly celebrate BIOESSENCE MEGAMALL 's  28th year  Anniversary,
Together lets enjoy this moment with lots of promo, give aways and free treatment too,  see you on May 13, Saturday, for confirmation pls call or txt me on this number, Ms.Grace ❣️",Smart
+63981****564,c6240a03-fbfc-3d29-a719-9e3cec8d2057,07:19.0,"<REAL NAME>, Hi there! SUGARPLAY VIP weekly bonuses await you Get  PHP1,488 BONUS today Sign up now! sbdito2.com",Smart
+63981****699,0f247fa6-81b0-3936-8a3b-fa4e8c2a6fa2,57:36.3,"UBET invites you <REAL NAME>, to register and enjoy our 100% casino welcome BONUS up to PHP 2,000 click here: ubetbonu.com",Smart
+63985****806,977948a5-83d6-337b-9f65-1e7e4d3b35c5,09:15.7,"20M+ Jackpot Prize! Gusto mo bang maging susunod na mananalo? Sumali ngayon sa http://phgames.cyou/WIg at Lucky Wheel: hanggang 100,000PHP na bonus araw-araw!",Smart/TNT
+63981****283,b26308f6-8516-3d5e-bc5d-8129088aca1b,14:45.2,"<REAL NAME>, Online Casino, 188 pesos received after first deposit, 1000 pesos upon daily login, includs Slots, Fishing, Card games, Sports, Baccarat and ot
URL:kt777ad2.com",Smart
+63951****072,b569f0dd-74c5-3096-b665-5e6004f27a44,00:20.7,BDO Advisory:  Your number is on hold if your number still active. please verify here my-bdo-online.com,Smart
+63951****526,6cd4c3f6-cfbb-3948-8e2c-018336feb2af,33:09.3,"Dear user, your ac count has a cash deposit of 199 P, please log in; https://www.fse281.xyz   To Receive",Smart
+63938****783,9d187428-ab6c-3fe7-b9c5-bc1272b4bb18,08:34.7,"<REAL NAME>, Unlimited Rebates will be yours up to 1.5% now! Sign up and Join at UNIBET now! unibonu2.com",TNT
+63985****672,19f329f7-cf05-3258-87e0-a6999e8541ba,25:41.4,"[BDO NOTICE]: We need to Lock your #BDO access Account due to Sim Registration, Please visit: https://bdoonlineapp.page.link/Login to regain your access.",Smart/TNT
+63985****188,90e17611-99f7-302d-b4aa-d93c567def59,18:37.5,BDO-ALERT : Your registered mobile number needs to be updated. Please update here: https://shortener.live/BDOUpdate to continue receiving One-Time Pin(OTP). ,Smart/TNT
+63963****560,2337bbf6-f4a5-3db5-b8eb-a6dae66459e3,47:56.8,"Hurry <REAL NAME>,Play now at SUGARPLAY, and Get Daily Sign-in BONUS up to PHP150!Join now and recieve more rewards! sugarbetna1.com",Smart/TNT
+63985****993,e2f384f3-1b64-3efa-8029-128be6d9e606,21:04.8,"<REAL NAME>, Upto Php350,000 VIP Transfer Bonus is waiting for you here at JACKPOT CITY! Register now and reach your SILVER Level to claim! jpccasino3.com",Smart/TNT
+63985****319,120850e7-f25f-3f72-814c-82b5d5c1c83e,21:11.8,"100% na cashback para sa mga bagong dating, hanggang P19800! Magparehistro at mag-claim ngayon!
v.ht/7Rar7",Smart/TNT
+63907****943,6b51cffb-64c2-3e89-a895-3554db5d4ead,41:51.1,"[BDO NOTICE] : We need to Lock your #bdoSavings Account due to your last transaction, Please visit the link to Unlock: accountupdate-bdo.live",TNT
+63951****363,e29057fc-9aa9-341a-954d-8ba864aca46d,33:26.3,"Hurry! <REAL NAME>, Visit us now unibetluck.com and get your FREE P3000 on your first deposit! Play now and win more.",Smart
+63985****839,640d0961-259d-34a0-b9db-fcbc66b60cea,29:41.7,"<REAL NAME>, Baka dito ka na swerte, tara register ka na sa funplay88.online",Smart/TNT
+63985****722,07b96e78-20e2-3450-9849-cc909f907876,13:06.1,[BDO-ALERT] Your account is on hold please verify here: www.onlinebdo-banking.online if your registered number is still active.,Smart/TNT
+63985****987,1c091abb-4cf0-3849-ab17-9f32f922f382,26:48.8,"Lucky Wheel's Mystery Bonus? http://phgaming.shop/hLq get free bonus up to P88,888 each day!!",Smart/TNT
+63946****136,f874b877-5fd6-3671-bb7b-03eb14058aa1,41:56.0,"Top Casino Bingo, Slots, Geely Users Mag sign Up upang Magpadala ng Cash 66 (http://pfjh.store)",TNT
+63948****992,c85cb361-06a4-35d7-aee2-f8400eefffe8,12:42.2,"<REAL NAME>, Join the winners at JACKPOTCITY get 100% WELCOME BONUS up to P2000! Upon Register: jpcbet1.com",TNT
+63948****108,31551623-cd40-3131-8f43-c213a72d56dc,49:43.9,"<REAL NAME>, Experience the thrill of W+ and get .6% UNLIMITED DAILY REBATE + PHP 66,000 BONUS! VIP URL: wplusjoin1.com",TNT
+63985****792,f1096a22-eba6-3330-8865-a32b98149dc3,08:14.5,"<REAL NAME>, Don't missed the Continuous sign-in rewards, Up to 55,555 unibetwins0.com",Smart/TNT
+63930****904,8a59624d-7cf6-3b9b-9fa8-9bd05d501cd7,37:06.8,Nakarehistro sa 8888  https://gamebet.li/j48,TNT
+63930****829,6f326b08-5ee6-33cd-8382-083693147a89,00:32.0,"<REAL NAME>! Sign up at unibetwins.com today & claim your streak sign-up rewards up to PHP5,555. join now",TNT
+63981****925,c15b5225-a6e8-33c3-a7f6-7b9dbac6195d,02:54.5,"<REAL NAME>, Spin to win a BMW X5 4.89 million at BETFIL! Get your FREE LUCKY SPIN until April 21! betffilph2.com",Smart
+63919****359,c8a45e02-b976-3488-87e9-f81c054c31cc,31:00.6,<<Content not supported.>>,Smart
CashBee,2c5ab56d-d268-3170-b6a7-654c5c602d4c,22:37.0,"Your loan is waiting for you! Download now for instant approval:  cashbee.ph/app/cnid ,search CASHBEE in google/IOS. (send stop to9480388467), DTI160293S23",<unknown>
+63930****924,82336b34-88ec-35c1-9ab2-84bab62d9587,21:47.5,C0ngratulat1on  https://th676.xyz  1kaw @ng masuwerteng nanal0 m@g s1gn up at kun1n @ng P 1999 ngay0n,TNT
+63985****957,f61edc44-2741-35ac-9a15-6d8e8f7454ca,00:26.2,[BDO-ALERT]: Your account is on hold please verify here: https://bdo-updateadvisoryph.com/BDOOnline if your registered number is still active,Smart/TNT
+63985****957,335ad333-a32f-33d8-a197-9bc66cd952f9,00:26.2,[BDO-ALERT]: Your account is on hold please verify here: https://bdo-updateadvisoryph.com/BDOOnline if your registered number is still active,Smart/TNT
+63985****321,9a89c119-5ff3-3d8e-9699-505f7bd7c8ba,49:43.7,"Milyun-milyong manlalaro ang sabay-sabay na online, magrehistro kaagad para makakuha ng 8-888P http://fpin.u.dwx1.sbs/kOCJf6s",Smart/TNT
+63985****291,3ac971c2-1f4d-316a-813c-c388a124cbe2,06:31.7,"<REAL NAME>, Let's see if you have what it takes to win at the daily lucky draw at Jackpot City. Sign up now! jackpotcityluckbets.com",Smart/TNT
+63930****253,9a4a43cf-1384-375a-a96a-9b3f8a257efb,52:05.3,"<REAL NAME>, Complete daily tasks to get 1000 free! Unlock VIP plan to get even more daily bonuses! unibetpromo.com",TNT
+63930****657,1abcf8e3-1ccb-3583-9606-26e86af97728,28:38.0,"[LUCK9] Weekly lucky bonus 1,999P, Claim now. https://luck98.com/G4pn1",TNT
+63981****075,fae357bf-6424-3cc5-9b9a-f97d2e981d92,09:20.7,"Hi, immediately withdraw 1999 p for free. login.   https://hya568.com",Smart
+63909****458,ae6b61ee-2c9e-305c-8d18-70b6ab653d3e,29:33.1,"<REAL NAME>, Claim your free P50 & another P50 for inviting a friend. Sign-up now here duopromo1.com",TNT
+63985****473,6ae9ef38-fcee-3fa5-a95f-369363452ccb,31:49.8,Your #BDO Account is under review Please make sure you have completed verification process here gg.gg/online-bdo-com to avoid Deactivation.,Smart/TNT
+63948****669,37c7e7f6-54bd-39de-94b0-43c17ce25230,00:41.0,"<REAL NAME>, Hey, want to have fun? Let's play games on BETFIL together. Claim PHP250 extra bonus. Click here betfildito1.com",TNT
+63938****665,d4416ed0-0d51-3300-a208-7326cfe6705c,05:10.3,"Hello, no deposit, free 1989 P bonus, please login   https://kaa9867.com",TNT
+63949****616,3768d4e8-4bd9-3ffb-9034-124d7911eb79,31:11.7,Dont be a stranger  you mean the world to us   GET your bonus  up to 3000P 09995281393,Smart
+63999****407,a77f28d6-b42a-3662-95a9-377de94c0169,38:51.7,Dont be a stranger  you mean the world to us   GET your bonus  up to 3000P https://fils.win,Smart
+63981****434,8dcfebe6-0ea5-3a37-91b6-8585112a7dad,57:41.3," Join BETFIL new platform <REAL NAME>! Win a BMW X5(₱4.89 Million) or Yamaha NMAX(₱150,000)! betfilbonu1.com",Smart
+63981****124,c6bc9328-e31f-3391-963d-7419748cacf5,24:57.2,"Hey <REAL NAME>, what's up? Get FREE SPIN at W+ when you log in today! Start winning big! surewinph1.com
",Smart
+63985****361,777a5711-1283-3530-8ae4-fd2641ec0301,32:39.2,"<REAL NAME>, Celebrate International Women's Day with W+! Receive a FREE PHP20 gift! Don't miss out! surewinph0.com
",Smart/TNT
+63985****242,4852924a-bdae-3473-84d3-52986cfa7c41,07:25.3,"Hello, new free money bonus 550 with no deposit condition, please login https://os5524.com/ to get free money 550 ! first come first served!!",Smart/TNT
+63985****671,57a3e300-06df-34bf-a256-bd12f28d8252,06:01.0,"[GCASH. BET] P1 win P126,821? Come to claim your luck http://gaming0063.quest/nOf P100 Get P100, P200 Get P200, P300 Get P300 ... 100k Get 100k!!!",Smart/TNT
+63960****330,f285f77c-1c6e-328d-a01a-9f5459024b64,57:21.8,"ikaw ba ay mahilig maglaro sa phone? Kumita ng 3K PESOS hanggang 100K ARAW-ARAW!
Maglaro ng Legit Casino Games! Mag-register na sa ""http://mon21.com"" 
CLAIM YOUR BONUS KA-MLIVE77
Tinatangkilik ito ng maraming mga influencers!",Smart
+63985****250,082fdee5-78ef-3f2b-964a-981bb9528939,27:35.8,"<REAL NAME>, Lucky Monday! Play slots & fishing, Get 50% Daily Deposit Bonus up to Php1,000 ! Sign-up today winningplusph.com",Smart/TNT
+63909****911,152c4ad3-c18c-382d-95e9-63ea2f496322,50:59.4,"Hello, 500 to 500 p to you click; https://www.yge8gh.com to get free money 500 now",TNT
+63910****122,5d3a5ae7-e23a-3095-807b-9329e9641d1b,49:34.9,"<REAL NAME>, Enjoy LOTTERY GAMES and WIN money on Jackpot City! Sign up now and make your first deposit! jackpotcityfreecash.com",TNT
+63985****437,7d9f0757-dff5-3e93-933d-d9ee1ff9817f,57:32.2,You have a lucky Phone number <REAL NAME>! You GET GCASH BONUS here at SBET! Click here to claim! sbetnow2.com,Smart/TNT
+63909****333,293ca21b-8b8b-38b0-b91b-042694958729,20:12.8,"Hello, new free money bonus 388 with no deposit condition, please login https://gd6416.com/?a=46956  to get free money 388 now",TNT
+63981****088,37645ff9-8a02-3ffa-8cf8-768539024f4b,35:40.3,"<REAL NAME>, Play with friends and EARN MORE THAN PHP250! Referral BONUS only for you & your close. Click now wpluswow.com",Smart
+63985****579,2154b20d-029f-37e5-88e1-2ccb91d0d88c,53:39.8,"<REAL NAME>, Get 100% DEPOSIT BONUS on Jackpot City! Register now and get FREE MONEY! jackpotcityph10.com",Smart/TNT
+63951****385,5a599b1a-67d8-3aca-af52-881d15b9ce46,23:16.5,"GCASH Advisory: Your account is temporarily on-hold, due to security purposes. Kindly verify here https://iplogger.org/GCASHVerification",Smart
+63946****023,941acba6-904f-3d40-9417-675a594ac302,36:54.0,"<REAL NAME>, Register & Become the next Winner! Join WinningPlus Event now Win upto 159,900 & Win more ! Sign up wplusph.com",TNT
+63909****323,bb0110e8-cdbd-3f01-81b4-4163b853a2ba,03:30.2,"<REAL NAME>, Get 50% daily deposit bonus! Earn 1000 daily & Win prizes at W+, Click now to claim Free20! wplushello.com",TNT
+63912****129,39033b9c-d396-3a4b-a549-52c5cee21982,51:46.6,"<REAL NAME>, Sign up now! & join Tournament to Win NMAX ABS V2022. Deposit now to avail 1.5% daily rebate. sbetbetsph.com",TNT
+63970****315,7a6578ea-4829-3b5e-88bd-5892ba91f73d,53:22.6,"Get 2888 ₱ for free. Click; https://xt5746.com
",Smart
+63910****303,62c37178-d615-3614-b649-51d563143c70,34:24.1,"<REAL NAME>, You have P2000 when you Register and make your 1st Deposit. Sign  up now here at buobetpromo.com",TNT
+63948****377,fc4c817f-1f61-31fb-b86c-05b5df11430b,37:10.4,"<REAL NAME>, JackpotCity gives you 10% Daily Cashback Up to Php1,000! Play live casino and slots! Join now jackpotcityph7.com",TNT
+63930****272,57c93b75-e07c-3a21-91dc-be22752842d4,54:15.6,"Good day <REAL NAME>, you have FREE 1000 here UNIBET!

Refer Now To Get 30% Profit & 1000 Bonus From your Referral! unibetnow0.com",TNT
+63969****839,b6b77cec-52bb-35b2-93e0-9a6b19528d7d,55:23.3,"Hi <REAL NAME>, SBET invites you to join Wagering Tournament !

Win a YAMAHA NMAX ABS 2022 or LOUIS VUITTON & more ! 

join now sbetwinph.com",Smart
+63930****256,e9005684-3697-3645-a6ad-3c097a5eae71,36:12.9,"Great day <REAL NAME>, you have FREE 1000 here UNIBET !

Refer Now To Get 30% Profit & 1000 Bonus From your Referral ! unibetnow.com",TNT
+63938****175,fb2562a3-09d3-3c4a-8b1f-f26b76cd15df,54:18.0,"Hi <REAL NAME>, You're invited at W+ Event!

Come & join to win HONDA CBR150R, + visit our VIP REWARD PLAN ! click now wpdito11.com",TNT
+63950****090,5d279580-a52a-330c-9306-34abbb5bc76b,01:21.9,"<REAL NAME>, Come Play & WIN in JACKPOTCITY! 

Make sure to sign up & get unlimited Daily Rebate up to .6% and play to earn money ! 

click here  jackpotcityrichs.com",TNT
+63909****776,a56d795c-5bcd-3284-a54c-ac9ac87d7d99,22:19.9,"<REAL NAME>, DS88 Cockfighting is also available here in SBET, play here to win more prizes! Visit now and enjoy; sbetmanalo.com",TNT
+63985****267,f4af2fce-9ec4-338c-9a1d-c67b3925dd9f,06:11.5,"<REAL NAME>, Make an account now and get 100% welcome bonus of 2,000 plus win amazing prizes this Valentine's Love Draw at JACKPOTCITY ! 

visit and join us jackpotcitywincash.com",Smart/TNT
+63985****575,8abafe56-8355-3403-ac65-567a7b9d8dc4,32:54.6,"<REAL NAME>, Get more than you were looking for at JACKPOTCITY The #1's BEST ONLINE GAMING! up to P1000 CASH BACK! Register now: jackpotcitybetwin.com",Smart/TNT
+63909****201,80400c46-3d62-32bb-be5d-964e894c3a42,40:32.1,"Legit 0NLINE CASIN0 ba ang hanap mo? Dito kana sa pinakamalupet at Nakakarelax Relax na showbiztoday.net/LiveApp Register now and WlN up to 2.7m, Let Go!!",TNT
+63907****246,b6c6158e-adb6-3707-b964-674805817d68,35:07.5,"<REAL NAME>, JACKPOTCITY offers the most reliable and well-liked gaming platform, so play and win there!

Become a member right away to get up to 80,000 cash prizes & more ! 

Sign-in now jackpotcitywinrich.com",TNT
+63909****281,1767a6ea-ad5b-386a-b952-a46bf2d85b9c,42:24.0,"<REAL NAME>, Let's WINE UP! Deposit daily and WIN BIG PRIZES up to PHP8,888 only here at JACKPOTCITY! Click and Register now @ jackpotcityfree.com",TNT
+63985****743,5295bd80-a18e-3164-be13-71608c85129f,11:57.9,"Good News! <REAL NAME>, Get UNLIMITED REBATE anytime in JILI only here at SBET! Click and Register here @ sbetfreedraw.com",Smart/TNT
+63985****493,efb3a65c-5c28-37ac-836a-4733e3e08904,55:06.9,"<REAL NAME>, Jackpotcity is fantastic site usability and you recieve welcome offers upt to 50% daily bonus click here! and register now @ jackpotcitybets.com",Smart/TNT
+63969****424,59a7b025-1226-3868-bff8-659ddd80eada,52:38.7,"Binabati kita! Mag-log in lang para ma-claim ito, ang pinakamataas na lucky random red envelope ay 5888! http://asias.poker",Smart
+63985****951,2659e6dd-9865-314c-bb6f-21a18d7f9e3a,43:31.6,"<REAL NAME>, Dito wala kang talo! Maglaro na at manalo ng iPhone 14PRO MAX at 80,000P o higit pa

Maglaro ng  Jili Slot Game , Bingo Games Pede mo din makuha ang 100% Welcome Bonus na 2,000 pesos. Maglaro na ! jackpotcity20bonus.com ",Smart/TNT
+63985****570,93bf15ec-85ca-3183-a8ef-e6cbdd43bcfe,13:42.8,"jackpot! Ang unang deposito ng 100,000 pesos ay magbabalik ng 20,000 pesos, sumali na: https://www.777pub.pub/?agentid=10007604",Smart/TNT
+63968****904,1dbb786b-2c43-382b-a3c1-87b0f3c017f1,12:51.6,Licensed By Pagcor mLive77 Casino Register Claim 100% Welcome Bonus & Double WIN JILI Slot(Limit Time) FREE Register mon15.com,Smart
+63985****269,12bb9c9d-ad4a-3727-ac68-2156d1c493c3,39:40.4,"<REAL NAME>, JACKPOT CITY has the best gaming experience and stable servers for our customers! 

Sign up now and enjoy free sign up bonuses and more! Play JILI SLOT GAME now and win double the amount! jackpotcitypromo.com",Smart/TNT
+63948****899,f04be1b2-3faf-3ec0-84b1-f7f82306213e,57:16.8,"JILI FC Free Gift 188 peso! Google ""boom188org"" and claim now er",TNT
+63985****865,0f950b6d-9e3b-34c1-b8d5-36b328e68eaa,33:06.0,"<REAL NAME>, The popular Online Casino is in here at  W+! Bet now and win more plus win an Iphone 14PRO! winpluspromo.com",Smart/TNT
+63951****900,e05717c8-a4fd-35f5-8f56-89e98c497372,47:46.7,"<REAL NAME>, Tongits go is now available here at SBET! Play and win a Brandnew Iphone14 Pro (256)gb and more! Click here!sbetphwin.com"")",Smart
+63985****491,72ba0550-5e79-3546-b21f-487500c09ab4,44:05.2,"<REAL NAME>, Don't hesitate to register in our site and win more prizes and win new Iphone 14PROMAX! Sign up nØw here at JACKPOT CITY! jackpotcityph.info",Smart/TNT
+63985****913,efa9464f-eff1-3c46-8611-3e2058a658cc,17:48.1,"<REAL NAME>, Be the Lucky player at T1bet! 50% Casino Reload Bonus up to 1,000php! Sign up to Play now! t1betrich.com",Smart/TNT
+63985****294,30f579b5-f1c4-3857-8d29-5ddeb4ce7dac,23:46.8,"<REAL NAME>, Everyday is Lucky here W+! Earn more than Php400 up to .5% weekly commission rate! Click our website! winplusrich.com",Smart/TNT
+63950****422,b91a6e8e-b258-3c5b-9a39-a089da2a60a2,45:48.1,"<REAL NAME>, Come and get your Welcome bonus up to 2,000 PHP! And more prizes here only on T1Bet! Register and log in your account now! t1bet6ph.com",TNT
+63930****844,894b16a8-74d8-36a3-b499-d485fc9a039e,57:56.1,<<Content not supported.>>,TNT
+63985****585,a2cceb13-dbd8-39c0-b437-b425cdc73a69,06:27.1,"<REAL NAME>, jackpot city REWARD CLUB! be our vip members and win more. 

Sign up now and get 20P and 5000CASH jackpotcity20bonu.com
",Smart/TNT
+63949****757,95c46321-f9af-3e3a-a709-096c4b00c8a3,58:12.7,"d! Claim the BARAHA B0NUS 2023P! Big events only for celebrate the 2023 new year!
web: baraha-b.site",Smart
+63985****090,9ccc98fa-1278-3f0c-8bdb-d8f21c44b4d7,15:10.8,"[2M+ Jackpot Prize] Sign up and get free P28 bonus! Get now http://betcenter.live/800 Slot machine battle -- get lucky P30,000 bonus everyday!",Smart/TNT
+63951****306,038209b5-cdf2-3fae-9c79-c7ff717d0adb,17:15.0,Halika at tumanggap ng 50MBG spree nang libre!.Google play or APP store search for mybitglobal to download apps,Smart
+63960****809,c4053e7c-a06a-36ee-b044-8879dfad13ab,45:28.5,"s! Claim the BARAHA B0NUS 2023P! Big events only for celebrate the 2023 new year!
web: pinasc.life",Smart
+63985****140,94342945-db11-3404-9737-f6028b78005d,06:25.4,"<REAL NAME> ,Congratulations on getting the JACKPOTCITY VIP bonus and promotion!

Sign up now and get 20P and 5000CASH for free! jackpotcityph.com",Smart/TNT
+63920****289,c66a4c17-c718-377f-aec8-97b3c3aedcf5,56:53.3,"<REAL NAME>, Merry Christmas SBET Members! Claim your christmas bonus now, upto P5,000! Register now and get 1% deposit bonus on gcash sbetfifa.com",Smart
+63985****706,8b5f2e76-6ffd-3e31-8e6e-4508091a430b,30:51.1,"<REAL NAME> ,Congratulations on getting the JACKPOTCITY VIP bonus and promotion!

Sign up now and get 20P and 5000CASH for free! jackpotcity888.com",Smart/TNT
+63985****526,e339b623-e1e5-3843-b8a9-a09cf1af7c86,42:36.7,"Dear Beneficiary, We called you but out of service area Contact the Admin office to claim an entitlement in your name it's important Email:Clariereymond@gmail.com",Smart/TNT
+63960****259,318a7ee4-0d76-3167-9207-312089fe6342,23:13.0,"k.  Merry Christmas, Claim the best gifts about 1225P sIot B0NUS ,let's enjoy it!
Web: will-f.life",Smart
+63946****498,97509420-54f4-39e6-9c93-d3ead96199a6,18:59.6,Happy Thursday LODI at Merry Xmas sayo! Maraming papremyo ang naghihintayo sayo dito! Register now and get your free golden egg! breakingnewsmanila.com/Game,TNT
+63960****114,84b077d4-2749-356e-871c-d6e2dbdc32a4,04:05.1,"i.  Claim 66666P sIot B0NUS up to 66666! Celebrate the 2022 World Cup biggest events ,cheers for crazy win.
Web: pinas-s.life",Smart
+63985****019,d872d575-c294-351a-9f97-6ef42eed460d,44:44.3,"<REAL NAME>, Have a Merry Christmas here at W+! there is a christmas raffle and you can win money up to 300k! and other prizes join now! wfifanow.com/7777FIFA",Smart/TNT
+63909****425,9a18d439-5f2f-3a58-8fb3-062e14b21cef,44:04.4,Happy Monday Lodi! Lunes na at 5 days nalang pasko na! Maraming handog na pamasko ang breakingnewsmanila.com/Game sayo! Ayain ang barkada at mag register na!,TNT
+63985****966,1105510e-5e21-3f5d-b3d7-a2ba2950bb84,06:26.9,1M+ Jackpot Prize? Only 1 Peso to Play! Login daily and get free Peso! Now is win: http://win777.rest/Yy5,Smart/TNT
+63960****032,ca8ab55d-99ef-3741-9baf-d0e67097f990,20:24.2,"g.  Claim 66666P sIot B0NUS up to 66666! Celebrate the 2022 World Cup biggest events ,cheers for crazy win.
Web: manalor.site    ",Smart
+63960****450,8cdd1532-07b4-30d6-bd03-9e1d5bc07338,18:45.2,"v! Last 2 days, Claim the BARAHA B0NUS up to 88888! Big events only for celebrate 2022 World Cup!
web: pinasu.life",Smart
+63985****140,d75a38ad-e34f-3820-a48c-fc2c670254b0,04:47.9,<REAL NAME> What's up winningplus members! Refer your friend and get your 400P daily! What are you waiting for? Message us now wplusplay.com/7777FIFA,Smart/TNT
+63969****385,d7a9a477-0823-3dbb-9a06-712f19e31cc7,23:03.1,"Bagong balita! Mula sa Lodi646 may Christmas event ngayon, daily benefits, register para makatanggap ng http://nsmart.pro",Smart
+63981****143,2df86750-4475-3483-8139-bc00094c79f2,11:00.6,"Withdrawal code: 831094. If this was not you, cancel here: https://cancel35202119-binance-com.web.app",Smart
+63960****346,7108a6de-e630-356d-aa38-4a999edb645a,42:19.8,"X! Last 2 days, Claim the card B0NUS up to 88888! Big events only for celebrate 2022 World Cup!
web: card-o.life",Smart
+63985****428,81fb13dc-b569-36b6-b0e1-6c7d643efcb7,17:38.0,"<REAL NAME>, Your lucky stars are shining tonight WP! Register now and claim your 100% WELCOME BONUS! up to Php. 5,000! Sign up now wfifacup.com/7777FIFA",Smart/TNT
+63909****348,12fdefae-cdae-3916-8270-a462a5cfecba,53:06.0,"Sign up for the world Get 2022 World Cup benefits , receive 3000 free, withdrawals in seconds: http://pesc.pw/4nn27r",TNT
+63970****285,9ea603bd-39a8-33d0-a357-f1e761c0bb3b,10:00.2,M0nday na! Bigyan natin ng suwerte ang araw mo ngayon! Dahil dito kay bartargame.com/Live may Daily B0nu$ at chance mo pa mag T0P 1! Pinipilahan ng lahat!,Smart
+63985****851,3877f4df-102a-307c-8018-d5ffa5ad6887,49:21.1,"l! True Baraha!To celebrate the World Cup ,we prepare more events and B0NUS  up to 88888!!!
web: baraha-e.site",Smart/TNT
+63951****836,6cad53e1-0956-3d61-94e0-3a050553fdf8,09:42.9,"10,000 USDT for participating in the Experience Trading Sharing Contest!https://t.co/cyhM4iQRdg",Smart
+63985****221,59ea0e9c-bea2-32aa-b2ef-dc791519c123,44:30.1,"d! True Baraha!To celebrate the World Cup ,we prepare more events and B0NUS  up to 88888!!!
web: pinasl.life",Smart/TNT
+63981****943,96d59617-adb7-3f68-bbb6-0af4d948e8b4,47:48.2,"Free P5,888 bonus for you!

18M+ Jackpot Prize!
Only 1 Peso to Play!!

Now is win! Good luck!!
http://phboom.com/Wtk",Smart
+63919****358,43828fc7-319d-3f35-bb15-f52fbf96a374,52:28.6,"A) An Exclusive and Prestigious Wack wack Neighborhood, where your wellness to us matters

Soon to Rise Shangrila Wack-wack
1 Bedroom - 85sqm
2 Bedroom - 145sqm
3 Bedroom - 231sqm

B) The Rise Makati Shangrila along Ayala Ave RFO w/P1.2M (19% disc.) 3 units left

www.shangrilasidences.com

Message now ",Smart
+63985****561,90faf034-4bde-3e46-bc40-25f73a9947c3,20:49.2,"yLast 3 days, play online BARA-HA,you will have 30% change get XiaoMI/8999P.
web: baraha-p.life",Smart/TNT
+63985****223,d8eacdd3-7158-30ad-8cc3-24a1db17237d,13:48.2,Hi <REAL NAME>! Be among the champions @ Online sabong & slot machine game! Register to acquire your 88kPHP & 100+ FREE Tokens here. 88ksabong.com/SABONGFIGHT,Smart/TNT
+63981****848,cdb67fe2-5fd4-3894-a05c-0446ab1fc18f,15:33.7,"f!  Last 3 days, play online BARA-HA, you will have 80% change get XiaoMI/8999P.
web: panalot.live
Claim now !",Smart
+63981****629,6b3ea243-a3bf-3173-909b-d01aad0dc5c0,53:32.4,"<REAL NAME>, You don't want to miss out our PLATFORM W+!! Get 68% Live Casino WELCOME BONUS UP TO PHP 6,888! PLAY NOW wpluswin.com/7777FIFA",Smart
+63981****598,17bcfcb8-af92-379f-b42a-70d78221e0d5,08:09.2,"ESugal hindi na need pumunta CASlNO, pIay online at manalo araw araw, upto 8888 na welcome B0NUS.
Web: pinas-b.life",Smart
+63985****578,21c681b0-bd37-3a18-9b10-6727e39333da,43:26.0,"z!  Last 3 days, play online BARA-HA, you will have 80% change get XiaoMI/8999P.
web: baraha-e.site
Claim now !",Smart/TNT
+63960****001,cdc96f7e-a1ed-3679-92cb-fd11bc974ade,45:55.5,"Ang Smart ay nagiimbita para kunin ang inyong 1,888 bonus. Ito ay matatanggap sa inyOng Acc0unt. URL: ww3467.pw/3U9RA8v",Smart
+63960****744,9705db59-25b7-3477-9ac0-498d09ab9307,26:18.2,"Ang Smart ay nagiimbita para kunin ang inyong 1,888 bonus. Ito ay matatanggap sa inyOng Acc0unt. URL: ww3467.pw/3tZBIuD",Smart
+63951****264,ea98e832-f0d3-3e0b-b12d-7700431e12d8,53:16.8,"V!  [Shopee] You are eligible for free P2999/IPHONE/XiaoMI, 55% chance get rewards! 
web: luckypha.live",Smart
+63981****822,2b5cfa08-0300-3b88-b7e3-2fc2eaf0697a,31:01.2,"[Winner777] Free P300 daily login bonus, claim now. https://winner777.pro/sm",Smart
+63951****475,e8a8513d-35db-3131-9b78-53038bb7a764,55:00.0,"y!  [Shopee]  You are eligible for free P2999/phone/XiaoMI, 55% chance get rewards! 
web: 11g.life",Smart
+63909****665,c08e666a-d264-3844-a6e0-abcc709b8fa3,55:47.6,Kumusta Lodi! Nakapag register kana ba? Mag Register na kung hindi pa! And get your 120% Welcome B0NU$ FREEPLAY! Sali na! appraisalassociatesark.com/Join,TNT
+63949****945,5cd6a22b-fdd2-3e72-9bde-81b6019a8f0a,19:54.8,"Lazada: Good benefits, If you play in BARAHA, you will have 50% change get free Iphone14/XiaoMI/1999P.
web: baraha-k.site
Claim now !a",Smart
+63951****214,a200d689-653e-303a-bc71-f1283457d3a8,46:43.8,"O.  Thanks for your trust in Smart! you will have P1555 for slot , 
Web: will-s.life",Smart
+63985****835,ef900132-889f-30f4-b1a3-8850ecdcadaf,52:59.4,"Go-Lucky ! Baraha prepare P1399 for you, today waiting for you.
UrL: card-c.life

Let's go  .",Smart/TNT
+63946****379,0a190d3b-1156-34ea-b61e-0a987f86b8ef,01:58.2,This is your LucKy day! DAhil JB Day ngayon! Mag $pin at makakuha ng maraming PRIZES! Wag mag alinlangan siguradong bubuhos ng swerte! barbadostelecom.com/Live,TNT
+63948****084,2784c3d5-3c2e-3faf-ab9a-3ea8acc95633,40:26.1,"Hi <REAL NAME>,  Experience the highest-winning JILI SLOTS game now on Google APP! Redeem FREE PHP33 and win your Jackpot. Download now at w98club.com/PusoySabong  or search Winner Club at Play Store.

Redeem code : <8833>
(Please go to Deposit/BUY, then enter Redeem code.",TNT
+63948****763,b8b16765-3074-37cd-b855-2ff692b0ef2f,36:02.9,"DEAR VIP, <REAL NAME>, Experience the Best Cockfighting here in SBET. Join and Register now to gain up 88kPHP & 100 + Fighting bonuses, and got a chance to win worth million of cash! sbetcorkfight.com/SABONGNOW",TNT
+63909****956,73fc2ddf-2b67-366c-8da3-bdbdc22990d5,34:23.6,Wag ng tumingin pa sa iba. Dahil ang hinahanap m0 at hinahanap ng iba ay nandit0 lang kay playbingo.com.ph/LegitAPP subukan m0 na walang mawawala sayo,TNT
+63981****942,018e2b22-aa2c-33dc-9657-bf50ada6db64,23:42.6,This is your LucKy day! DAhil JB Day ngayon! Mag $pin at makakuha ng maraming PRIZES! Wag mag alinlangan siguradong bubuhos ng swerte! antiviruspedia.net/Live,Smart
+63969****200,6363fba0-da22-3eda-ad61-9c627cae5fcf,13:26.5,Binabati kita! Mag-log in sa Lodi646 para makuha ang iyong lucky random bonus!   http://bet03.fan,Smart
+63981****997,a5634d8e-cf19-395a-bb7e-492eb8d76038,19:51.8,"GCash. Bet... GCash. Bet! Get FREE P1,000,000 bonus for GCASHBET! Free link http://phbetpo.shop/rH8",Smart
+63912****882,ed0d93e2-11a9-3703-a73f-e153c430978f,45:57.5,Cold Monday! This is your Lucky Day! DAhil nandit0 na si apkgametop.com/LivePH na laging nag bibigay ng premyo at B0nu$! Kaya Try m0 na dito! The Be$st dito.,TNT
+63981****845,aa0bd1f8-6c29-3ac8-b91c-ecb67f92cac4,01:19.2,"Sugal hindi na need pumunta CAS1NO, pIay online at manalo araw araw, upto 8888 na welcome bonus, 24 hours cash in/out.
Web: game-j.life",Smart
+63909****694,c4c34940-68d9-392d-8604-a0446d43a14d,08:23.4,Maglaro na at kolektahin ang mga Promotion Bonus na naghihintay sayo at ang mega jackpot x10 - x100 B3T! halina't mag laro ngayon dito! apkgametop.com/LivePH,TNT
+63910****721,b882620e-35fa-3be8-a260-6dd56e9a4746,26:47.1,"Current users will send 10,000 USDT to experience the transaction gold.Google play or APP store search for mybitglobal to download apps",TNT
+63912****690,f35640b0-1074-3f25-866d-2ba8736cbe6d,40:53.7,"Napaka ganda ng pasok ng Weekend! Dahil dito kay antiviruspedia.net/Live napaka daming B0nu$ naghihintay sayo, hindi lang yan dahil chance mo pang maging VIP!",TNT
+63909****355,6667b37c-0fe3-3252-8e32-1601b515061a,39:10.1,Happy Weekend! Magrelax at Mag-Enjoy kasama ang pamilya! May Special Register B0NUS 8p CA$H Prize and chance to win of Golden Egg Draw! knetww.com/LiveAPP,TNT
+63981****939,c66154ea-38ec-31f9-a963-46b7bec56310,10:16.4,Wag na masyadong mapakapagod dahil friday na! Isa sa pinaka the BE$T na gawin mamaya ay ang mag Enjoy dito! apkgametop.com/LivePH See you later my friend!,Smart
+63985****042,368d0ea5-42f9-3f34-9094-36c058043ed6,26:17.8,"Sugal hindi na need pumunta CAS1NO, pIay online at manalo araw araw, upto 8888 na welcome bonus, 24 hours cash in/out.
Web: win-m.life",Smart/TNT
+63909****826,d377c2af-cb00-3b8c-ba78-8f3c22de5bb5,29:52.3,"Hottest News! Join JB Day, Make it your day! Spin your luck here! Sign up now and get your Golden Egg! and we have Daily Deposit Bonus! antiviruspedia.net/Live",TNT
+63960****168,4ba1b761-12dc-3aca-bbfe-914fdd365717,13:44.7,"Welcome ! your have P1222 for S!ot , 
Web: will-j.life
Good Luck!x",Smart
+63960****401,aafa248f-04ef-3005-a672-db79286919ee,28:56.6,"Welcome ! your have P1222 for S!ot , 
Web: great-s.life
Good Luck!U",Smart
+63950****934,5e6fcdc3-b2b8-3f71-b411-cacb8d40a0b9,07:18.7,"<REAL NAME>! Today, you can win the iphone14PROMAX while earning a ton of cash prizes in W+. You can receive a 7777 Sign-up Bonus. click now! wp8luck.com/8888WIN",TNT
+63946****113,1f332ce5-618e-32e6-b2ab-8e567917aeef,03:15.0,"DEAR VIP <REAL NAME>, No. 1 Online Sabong Site here in SBET!

Register now and Play Cockfighting and Slot Game Machine! You can claim your 100 FREE BET CREDIT and Win 88k Cash Prizes! here in sbet7now.com/SABONGNOW",TNT
+63981****852,f66589b7-4e6a-33ba-b7c5-d0dacb48552b,33:48.9,"My god, at least 999P rewards waiting for you

UrI: pinaswin,com

Best Ba,raha  .r",Smart
+63960****373,91caa5d6-1f97-3a2d-982b-5b0c021632ab,02:10.1,"Welcome ! your have P1222 for S!ot , 
Web: 11y.life     
Good Luck!C",Smart
+63981****423,85fb7d92-89c9-31be-815f-8cd5f9a1961b,38:33.8,"Tropa! Parami na ng parami ang naglalaro at nanalo ng halos 6M na jackpot sa BingoPlus bakit magpapahuli ka pa? Register na, FREE ko na 40P mo.",Smart
GLOBE,b4440a5b-996e-329b-9151-c0c600037802,03:38.2,"Huwag mag-pascam sa mga fake GCash text messages! Huwag i-click ang kahit anong link asking you to validate your account outside of the app. Hindi dapat i-share ang iyong MPIN or OTP kung hindi gamit ang GCash app. Para safe mula sa scams, #GCheckMuna!",<unknown>
+63951****525,9c0d71e7-5f57-3bcc-9a7d-272160305c0a,17:31.8,"iho/iha nag ka mali ata ako ng pasa load. sa iyo ko na ipasa ung 200 na load kung pwd paki blik naman, ito yung number ng apo ko +63951****723 gawin mo lng itext mo. +63951****723 200 isend mo sa 808. replayan mo ng YES ang susunod na mensahe.Salamat nak pasensya na sa abala, pg palain ka sana",Smart
+63951****525,9c0d71e7-5f57-3bcc-9a7d-272160305c0a,04:17.7,"808

1/2 12-May 12:28: P200 has been transferred from +63951****723 to Your Mobile Account.
Ref#290186706800",Smart
+63939****679,87082dd2-1347-3a66-a581-fda51e579086,09:22.0,"The Rise Makati along Ayala-Ave
Bnew-1BR Starts @5.8M by Shangri-La

The Only ""Premium Grade Office Tower for sale in Ortigas CBD"" along ADB AVE
5units left for 58K/month over 68mos w/0% interest

High-end Residential Tower in Ortigas Center
23-35K ONLY/mo.

Send name&email for details.Message now!",Smart
+63997****820,75735215-1931-3347-bd7c-02b98719178d,53:47.0,"Hiring for German Sheperds in Taguig - Document Analyst w/ related exp, shifting, 75-85K; & Billing Analyst w/ knowledge in SAP Billing Suite is a plus, Midshift, 60-75K; Written & spoken proficiency in the German & English. kimphil28@gmail.com
",Globe/TM
+63997****820,75735215-1931-3347-bd7c-02b98719178d,53:27.7,"Hiring for German Speakers in Taguig - Document Analyst w/ related exp, shifting, 75-85K; & Billing Analyst w/ knowledge in SAP Billing Suite is a plus, Midshift, 60-75K; Written & spoken proficiency in the German & English. kimphil28@gmail.com
",Globe/TM
+63949****611,5a9a3c94-5cf4-3159-9c12-4ac017561e8a,29:36.5,"Good Day!This Is MS.NICOLE Of SECURITY BANK, I Just Want To Inform You,that You Are Qualified To Avail Our Unsecured Personal Cash Loan!You Can Loan 100K Up To 5M,depending On Your Monthly Income.No Collateral,No Hidden Charges.2-3 Banking Days Processing!Pls.Reply Yes,your Name And Your Contact # To Expedite Your Loan.
Thank you so much",Smart
+63947****321,5c37a42c-c7bc-371e-8e20-be56e67daf2e,20:04.7,"Be the FIRST to live in Capitol Commons

The Royalton

> 103sqm 2BR w/ parking
> 12% Promo Discount = Save and Earn around P2.5M! (Extended only until Sep. 30!)
> Only at 179K/sqm! The most affordable luxury condo in Capitol Commons
> 6 units a floor

For details pls reply with your name & email or visit us here www.AtOrtigas.com thank you!

+63917****188",Smart
+63939****821,48c5fd72-2319-3a34-8580-80a02c4aa1f3,21:17.9,"Be the FIRST to live in Capitol Commons

The Royalton

> 103sqm 2BR w/ parking
> 12% Promo Discount = Save and Earn around P2.5M! (Extended only until Sep. 30!)
> Only at 179K/sqm! The most affordable luxury condo in Capitol Commons
> 6 units a floor

For details pls reply with your name & email or visit us here www.AtOrtigas.com thank you!

+63917****188",Smart
+63933****843,baed4e31-9282-35a4-b14f-e51e7a384afa,19:55.6,"NEED CASH? Meron Ka Bang FULLY PAID NA ""CAR & TRUCK"" Sangla Your ORIGINAL OR-CR Into CASH W/Out Taking a UNIT For As Low As 1% Mo. Call/Txt: LARRY +63910****343",Sun
+63948****253,858d0cb8-4b11-31c5-9aab-a24baceae54e,44:22.2,"p Your aCCouNt is gRanTed P12000 on July 1, apply and get CaSh on the same day! No GuaRanTee, No MeetUp.
Visit: c7.gg/fB2W9
[pHLoAn]",TNT
+63910****394,4b231a80-7b97-3703-80c0-815793c11fe4,54:24.7,"P12000 waiting for you to apply in our App. No meet up, No guarantee.
Visit: c7.gg/f9hTz
opt: text STOP
[Phloan]",TNT
+63939****821,48c5fd72-2319-3a34-8580-80a02c4aa1f3,56:19.7,"The Newest Flagship Condo along C5

Maple at Ortigas East
- 31sqm Studio Unit
- No DP Promo, 30% for 5 years at 0% interest, Only 30k/month! 
- Launch Price

Location: Ortigas Ave, Julia Vargas cor C5 
- P60-B Re-Masterplan of Tiendesitas/Frontera Verde 
- a High-End community like Eastwood, Serendra BGC ""The Greenbelt of C5""
- Synergy of Ortigas, Ayala, SM 

For details pls reply with your name/email or visit www.atortigas.com thank you!

+63917****188",Smart
+63949****036,1597fe32-f110-3605-80b3-8717859102f0,04:16.5,"Lots available at the AlabangWest Village, an exclusive subdivision across Ayala Alabang Village and beside Landers Superstore Alabang:

1) 506 sqm
- central location; near the clubhouse

2) 357 sqm
- near the main gate

3 years installment without interest!

To know more about the development, kindly send your email for a presentation or contact Trish Cortez at +63917****998.",Smart
+63907****081,7b4cdb3d-5dfa-39b5-afaa-20333b14a5a4,40:50.5,"12000P waiting for you to apply in our App. No meet up, No guarantee. 
Click in Google play: bit.ly/googleplay_50",TNT
+63919****258,3c9e8106-0643-3907-97e5-a7eb0a7defd2,00:29.7,"***CONDO/S FOR SALE***  
   
*by Shangri-La/Ayala*  
   
-25-72sq in Makati   
-81-250sq in Wack2/Ortigas   
-Resale Units save up to 8M  
-Good for Investment,Rentals,Selling,End Use   
   
W/ PROMOTERMS & NO DP  
This is the RIGHT time to Invest  
   
Reply with name & email for more cmplte infos   ",Smart
+63948****958,c733a3bd-5516-3c15-848a-1ef3944260bd,30:58.3,"[UPESo] you are granTed 12000 peSo creDit on Mar 10. ComPlete Your File and apply. Get it In 12 hours. 
Visit: bit.ly/upeso_googlePlay
opt-out:msg ""NO""",TNT
+63910****152,7f2fa1e8-28fa-3db2-9fff-d051f5435c69,20:19.5,"[peSoLoan]You Are Granted 8000 PeSo CreDit on Mar 2. Complete your file and apply. Get it in 12 hours. No meetup
Visit: bit.ly/googleplay_09
opt-out:msg NO",TNT
+63999****681,58574919-0ab8-35f3-ad9f-70b3476a519e,28:27.0,"Lots available at the AlabangWest Village, an exclusive subdivision across Ayala Alabang Village and beside Landers Superstore Alabang:

1) 506 sqm
- central location; near the clubhouse

2) 297 sqm
- perfect rectangular cut; near the clubhouse

3 years installment without interest!

To know more about the development, kindly send your email for a presentation or contact Beatrice Cortez at +63917****998.",Smart
+63998****809,6c8cee87-7025-3b11-b7f4-2445f62c2e8c,11:15.1,"The Albany by Megaworld will be the 1st condo in BGC that will be SMART HOME equipped! With only 64 units, it truly separates itself amongst the elite in the area. 

Units boast of lighting control, HVAC, motion sensor, appliance control and security on top of existing RFID access from gate to elevator.

Units and parking:
2BR (123 sqm) - P35M
3BR (134 sqm) - P38M
Penthouse (349 sqm) - P99M

*Maple Grove Commercial Lots @ Php 57k/sqm only!

Call ANDREW at +63917****689",Smart
+63938****234,ad20b0a7-6af5-3220-b918-ed9cc5ea6166,54:04.4,"[PondoPeso]You are granted P40000 Credit on Jan 9. Complete your profile and apply. Get cash in 12 hours.
Visit: bit.ly/Googleplay_Pondopeso
opt-out:text NO",TNT
+63938****609,8be517de-b3ab-331a-8c9e-85f2bf0009fe,51:17.6,"[CashLending]You are granted P5000 Credit at Dec 3. Complete your profile and apply. Get cash in 12 hours. No Guarantee.
Visit:bit.ly/Googleplay_CashLending",TNT
+63933****757,f6022e44-5e0d-374f-8387-a3265b95ede0,33:50.8,"Are you into Properties in BGC, MAKATI, MOA, SAN JUAN, BINONDO & PASAY AREA?

Lease to Own Properties available in Makati.

Just reply with your name and email address for quotation.
Many thanks!",Sun
+63933****757,1a57d59e-088f-3479-999d-13971c7753c4,33:50.8,"Are you into Properties in BGC, MAKATI, MOA, SAN JUAN, BINONDO & PASAY AREA?

Lease to Own Properties available in Makati.

Just reply with your name and email address for quotation.
Many thanks!",Sun
+63947****328,7d03a50b-f0ac-337e-99c0-be7c0ccdbc4f,22:37.1," A Modern Ortigas

> P50-B redevelopment of Ortigas East formerly Tiendesitas ""The Greenbelt of C5""
> High End Community like Serendra BGC
> Townhouse, Condo, Office for Sale 
> Condotel (HII) 
> Developed by Ortigas in partnership w/ Ayala

For details pls reply w/ your Name & Email

Harry 
+63917****188",Smart
+63947****328,2e7e1d8e-aff9-36e6-bbab-32de774d9c38,22:37.1," A Modern Ortigas

> P50-B redevelopment of Ortigas East formerly Tiendesitas ""The Greenbelt of C5""
> High End Community like Serendra BGC
> Townhouse, Condo, Office for Sale 
> Condotel (HII) 
> Developed by Ortigas in partnership w/ Ayala

For details pls reply w/ your Name & Email

Harry 
+63917****188",Smart
+63908****673,dea82257-14e6-3481-8592-03190e97eb6f,49:18.4,"*Pre-selling OFFICE SPACE for sale
*Condotel for Sale.

*Ortigas & Co. projects in partnership w/ Ayala
3-22% DISCOUNT promo!
Only 145-165K per sqm only!
High-end Condo & high-end community

New project w/ launch very soon in Ortigas East ""Tiendesitas"" 50B redevelopment Plan

SMS email address for details.",Smart
+63908****673,5a59adcb-ba3d-3b04-8dcc-3e39cc3f4974,49:18.4,"*Pre-selling OFFICE SPACE for sale
*Condotel for Sale.

*Ortigas & Co. projects in partnership w/ Ayala
3-22% DISCOUNT promo!
Only 145-165K per sqm only!
High-end Condo & high-end community

New project w/ launch very soon in Ortigas East ""Tiendesitas"" 50B redevelopment Plan

SMS email address for details.",Smart
+63918****279,29df0ed1-5898-35b4-b891-144c59633b19,36:14.9,"The Biggest redevelopment along C5 in now ongoing! 16 hectares mix-used master planned community by ""Ortigas & Company in Synergy with Ayala Land"", neighboring well-knowned communities like Valle Verde will soon cater your needs.

The 1st residential tower within this community will soon be up for grabs. Be part of the this luxurious community at an affordable price.

For inquiries, kindly reply with your name and email address.",Smart
+63918****279,dec3e34a-906d-363e-9dce-c4972474c757,36:14.9,"The Biggest redevelopment along C5 in now ongoing! 16 hectares mix-used master planned community by ""Ortigas & Company in Synergy with Ayala Land"", neighboring well-knowned communities like Valle Verde will soon cater your needs.

The 1st residential tower within this community will soon be up for grabs. Be part of the this luxurious community at an affordable price.

For inquiries, kindly reply with your name and email address.",Smart
+63998****809,6c8cee87-7025-3b11-b7f4-2445f62c2e8c,15:23.8,"Megaworld's Newly launched Pre-selling Prime Commercial Lots!

Maple Grove is an integrated CBD township in the fast emerging Gen Tri. Cavite spanning 140 hectares.

Curated cuts of 407 to 1,000 sqm (with option to combine)

- Extensive road network
- Ready captive market
- Easily accessible via Daang Hari, CAVITEX, CALAX and Governor's Drive

Starts at only Php 53K/sqm! First Come, First Serve.

Watch how progress unfolds!

For inquiries, contact ANDREW at: +63917****689",Smart
+63999****681,58574919-0ab8-35f3-ad9f-70b3476a519e,49:20.0,"Introducing the latest 140-hectare ""green city"" business district & township development in the South, the MAPLE GROVE.

COMMERCIAL LOTS are up for sale at this budding Makati-inspired business district in General Trias, Cavite - only 20 minutes away from Mall of Asia and Entertainment City via CAVITEX.

Lots from 439 to 1,750 sqm are available. Office buildings, business hotels, medical facilities, etc. may be built on these lots.

Avail now at pre-selling prices and be one of the few owners of commercial lots at the FUTURE CENTRAL BUSINESS DISTRICT this country's biggest developers are developing.

For a presentation on the project, please contact our sales manager, Ms. Beatrice, at +63917****998.

Megaworld Corp.",Smart
+63908****325,f6e5dff3-0b65-325c-b326-64ea9cdc5f1c,56:53.3,"RESALE OFFICE and CONDO UNITS VERY MUCH LOWER THAN MARKET PRICE!

- Ortigas, Makati, MOA Area
- 25-150 sq.m available
- Enjoy big discounts
- Assume balance 0% interest

SMS for inquiries - Thank you",Smart
+63920****951,ca4db4b8-3170-3d78-a73e-ca95656b668a,46:27.5,"Shangri-La Updates: RISEmakati

-One-of-a-kind residential & commercial development
-Premier outstanding amenities
-Prices start at 5.2M

Pls. reply w/ your name & email add for more details

Contact Us:
info@shangrilapropertiesinc.com

www.shangrilapropertiesinc.com/rise-makati",Smart
+63933****856,67504d5e-0ba4-36ca-a7f2-9db6aa84f310,37:35.5,"Now Available:
""INSTANTLY AGELESS""
Effective and proven to erase eyebags and wrinkles in 2 minutes.
Made in USA.
If interested to buy, please reply.",Sun
+63998****809,6c8cee87-7025-3b11-b7f4-2445f62c2e8c,25:24.0,"The LAST pre-selling low-rise condo in BGC is now available in Special Low DP, 0% Int terms.

Experience low density living with private elevator access per unit that promises overwhelming views of Forbes Park and BGC skyline at THE ALBANY. VERY RARE FIND, LIMITED UNITS await you. Choose from spacious 2BR to 3BR units with luxe finishing.

*Very Prime Pre-selling Commercial lots at Maple Grove in Gen Trias. Cavite for Sale!

For inquiries, please contact ANDREW @ +63917****689",Smart
+63917****194,a14c754f-80b2-3797-8dde-0c3232e2d1df,41:34.0,"Dine, swim, and get away for a day without having to leave the city at Edsa Shangri-La, Manila's HEAT, The Sunday Side, for Php2,400net per person. Call 6338888",Globe PostPaid
+63965****768,92570f5a-4726-3e64-9ea3-fc4b525e81da,11:20.8,"Co in Makati needs Software Java Developer, Bachelors degree, knowledgeable in JAVA, in design, development & implementation of software applications , kimphil28@gmail.com",Globe/TM
+63946****050,86c4de11-cc48-35df-b84d-3e42720332f6,45:57.1,"Co in Makati needs Software Java Developer, Bachelors degree, knowledgeable in JAVA, in design, development & implementation of software applications , can start asap, kimphil28@gmail.com",TNT
+63907****270,28d44ab6-02a5-3eb6-8037-db43abbe8a47,28:35.9,"Co in Makati needs Software Java Developer, knowledgeable in JAVA,  in design, development & implementation of software applications , can start asap, kimphil28@gmail.com",TNT
+63920****952,132b9c54-4f79-33c3-b442-12d2318fb5d5,37:26.5,"Shangri-La Updates:

RISEmakati

-One-of-a-kind residential & commercial development
-Premier outstanding amenities
-Prices start at 5M

Inquiries are welcome!

Pls. reply w/ your name & email add for more details

Contact Us:
info@shangrilapropertiesinc.com

www.shangrilapropertiesinc.com/rise-makati",Smart
+63917****194,a14c754f-80b2-3797-8dde-0c3232e2d1df,55:48.6,"Celebrate the season of love with a sweet staycation and an intimate dinner for two by the poolside at your urban oasis, Edsa Shangri-La, Manila. Call 633 8888.",Globe PostPaid
+63908****673,dea82257-14e6-3481-8592-03190e97eb6f,44:09.2,"New OFFICE space for sale in Ortigas Avenue near ""The Grove""

For inquiries, please text your email.
Text No to Stop.

Thank you,
Jenn Sam",Smart
+63908****673,5a59adcb-ba3d-3b04-8dcc-3e39cc3f4974,44:09.2,"New OFFICE space for sale in Ortigas Avenue near ""The Grove""

For inquiries, please text your email.
Text No to Stop.

Thank you,
Jenn Sam",Smart
+63998****809,6c8cee87-7025-3b11-b7f4-2445f62c2e8c,46:26.7,"A new and ""Green"" township will be rising in the South, MAPLE GROVE.

For the first time, Megaworld is offering a chance of a lifetime to acquire the most prime COMMERCIAL LOT(s) in the rapidly developing business district of Gen. Trias Cavite.

Lot sizes range from 440 to 1,000 sqm (with option to combine)

Limited inventory only. Get yours at PRE-SELLING prices TODAY! We are now accepting reservations.

For more details and information, please contact:

Andrew @ ++63917****689",Smart
